תאריך,שעה,מס’ עסקה,מוצר,כמות,סכום,אמצעי תשלום
2025-09-01,00:00,2000,עוגת גבינה,2,26,אשראי
2025-09-01,01:00,2001,אספרסו,3,36,אשראי
2025-09-01,01:00,2002,קפה הפוך,1,23,אשראי
2025-09-01,01:00,2003,אמריקנו קטן,3,51,אשראי
2025-09-01,02:00,2004,עוגת גבינה,1,14,אשראי
2025-09-01,02:00,2005,עוגת גבינה,2,56,אשראי
2025-09-01,02:00,2006,מיץ תפוזים טבעי,2,38,אשראי
2025-09-01,03:00,2007,מאפה גבינה,1,10,מזומן
2025-09-01,03:00,2008,מאפה גבינה,1,20,אשראי
2025-09-01,03:00,2009,מיץ תפוזים טבעי,3,78,אשראי
2025-09-01,04:00,2010,אספרסו,3,90,מזומן
2025-09-01,04:00,2011,קפה הפוך,2,20,אשראי
2025-09-01,04:00,2012,אספרסו,3,60,מזומן
2025-09-01,05:00,2013,מאפה גבינה,2,38,אשראי
2025-09-01,06:00,2014,סנדוויץ’ טונה,3,81,אשראי
2025-09-01,06:00,2015,קפה הפוך,2,22,אשראי
2025-09-01,06:00,2016,קפה הפוך,2,24,אשראי
2025-09-01,07:00,2017,אמריקנו קטן,3,51,אשראי
2025-09-01,07:00,2018,מאפה גבינה,1,14,מזומן
2025-09-01,07:00,2019,קפה הפוך,1,10,אשראי
2025-09-01,08:00,2020,מאפה גבינה,3,87,אשראי
2025-09-01,09:00,2021,מאפה גבינה,2,24,ביט
2025-09-01,09:00,2022,מאפה שוקולד,3,84,אשראי
2025-09-01,10:00,2023,אספרסו,2,52,אשראי
2025-09-01,11:00,2024,עוגת גבינה,3,87,מזומן
2025-09-01,12:00,2025,קפוצ'ינו,1,30,אשראי
2025-09-01,12:00,2026,אספרסו,3,78,אשראי
2025-09-01,13:00,2027,מיץ תפוזים טבעי,1,20,אשראי
2025-09-01,13:00,2028,קפה הפוך,1,27,מזומן
2025-09-01,14:00,2029,סנדוויץ’ טונה,3,75,מזומן
2025-09-01,14:00,2030,מיץ תפוזים טבעי,1,30,אשראי
2025-09-01,15:00,2031,קפוצ'ינו,2,48,אשראי
2025-09-01,15:00,2032,קפוצ'ינו,1,27,ביט
2025-09-01,16:00,2033,עוגת גבינה,3,78,אשראי
2025-09-01,17:00,2034,קפה הפוך,2,36,אשראי
2025-09-01,17:00,2035,אספרסו,2,52,אשראי
2025-09-01,17:00,2036,אמריקנו קטן,2,48,אשראי
2025-09-01,18:00,2037,אמריקנו קטן,3,33,אשראי
2025-09-01,19:00,2038,עוגת גבינה,3,51,מזומן
2025-09-01,19:00,2039,עוגת גבינה,1,28,אשראי
2025-09-01,20:00,2040,מיץ תפוזים טבעי,2,30,אשראי
2025-09-01,20:00,2041,מאפה גבינה,3,51,מזומן
2025-09-01,21:00,2042,מאפה גבינה,1,28,מזומן
2025-09-01,21:00,2043,עוגת גבינה,2,26,אשראי
2025-09-01,21:00,2044,מאפה גבינה,3,45,מזומן
2025-09-01,22:00,2045,מאפה גבינה,3,78,אשראי
2025-09-01,22:00,2046,קפה הפוך,1,21,אשראי
2025-09-01,22:00,2047,מאפה גבינה,1,14,מזומן
2025-09-01,23:00,2048,מאפה שוקולד,3,48,אשראי
2025-09-01,23:00,2049,קפה הפוך,3,45,אשראי
2025-09-01,23:00,2050,מיץ תפוזים טבעי,3,42,מזומן
2025-09-02,00:00,2051,אספרסו,2,30,אשראי
2025-09-02,01:00,2052,עוגת גבינה,2,60,אשראי
2025-09-02,01:00,2053,אמריקנו קטן,3,42,אשראי
2025-09-02,02:00,2054,קפוצ'ינו,2,22,אשראי
2025-09-02,02:00,2055,מאפה שוקולד,2,60,אשראי
2025-09-02,02:00,2056,קפוצ'ינו,2,22,מזומן
2025-09-02,03:00,2057,קפוצ'ינו,1,27,אשראי
2025-09-02,03:00,2058,מיץ תפוזים טבעי,2,20,אשראי
2025-09-02,03:00,2059,מאפה שוקולד,3,36,אשראי
2025-09-02,04:00,2060,קפוצ'ינו,2,48,אשראי
2025-09-02,04:00,2061,אספרסו,2,34,מזומן
2025-09-02,05:00,2062,עוגת גבינה,3,30,אשראי
2025-09-02,05:00,2063,קפוצ'ינו,1,21,אשראי
2025-09-02,05:00,2064,מאפה גבינה,2,30,ביט
2025-09-02,06:00,2065,סנדוויץ’ טונה,1,17,מזומן
2025-09-02,07:00,2066,מאפה גבינה,2,58,אשראי
2025-09-02,07:00,2067,מיץ תפוזים טבעי,2,56,מזומן
2025-09-02,07:00,2068,מאפה גבינה,1,16,מזומן
2025-09-02,08:00,2069,אמריקנו קטן,1,13,אשראי
2025-09-02,08:00,2070,קפוצ'ינו,3,30,אשראי
2025-09-02,08:00,2071,מאפה שוקולד,1,10,מזומן
2025-09-02,09:00,2072,קפוצ'ינו,3,36,מזומן
2025-09-02,09:00,2073,אמריקנו קטן,2,20,אשראי
2025-09-02,09:00,2074,קפה הפוך,2,22,מזומן
2025-09-02,10:00,2075,מאפה שוקולד,3,69,אשראי
2025-09-02,10:00,2076,סנדוויץ’ טונה,2,32,אשראי
2025-09-02,11:00,2077,אספרסו,2,42,אשראי
2025-09-02,12:00,2078,אספרסו,2,32,אשראי
2025-09-02,13:00,2079,מאפה שוקולד,3,87,אשראי
2025-09-02,13:00,2080,אספרסו,2,44,אשראי
2025-09-02,14:00,2081,עוגת גבינה,1,12,אשראי
2025-09-02,15:00,2082,עוגת גבינה,2,30,אשראי
2025-09-02,16:00,2083,עוגת גבינה,1,27,אשראי
2025-09-02,16:00,2084,סנדוויץ’ טונה,1,21,מזומן
2025-09-02,17:00,2085,מאפה גבינה,3,72,אשראי
2025-09-02,17:00,2086,אספרסו,3,36,אשראי
2025-09-02,18:00,2087,סנדוויץ’ טונה,1,15,אשראי
2025-09-02,18:00,2088,עוגת גבינה,2,22,אשראי
2025-09-02,18:00,2089,מאפה שוקולד,2,56,אשראי
2025-09-02,19:00,2090,סנדוויץ’ טונה,1,16,מזומן
2025-09-02,19:00,2091,אספרסו,1,20,אשראי
2025-09-02,20:00,2092,אספרסו,2,42,אשראי
2025-09-02,20:00,2093,אספרסו,3,78,אשראי
2025-09-02,20:00,2094,מאפה גבינה,2,50,אשראי
2025-09-02,21:00,2095,אמריקנו קטן,1,11,מזומן
2025-09-02,21:00,2096,מאפה גבינה,3,48,ביט
2025-09-02,22:00,2097,אמריקנו קטן,3,90,אשראי
2025-09-02,22:00,2098,מאפה שוקולד,3,78,אשראי
2025-09-02,23:00,2099,מאפה גבינה,1,25,מזומן
2025-09-02,23:00,2100,מיץ תפוזים טבעי,2,54,אשראי
2025-09-03,00:00,2101,קפה הפוך,3,57,אשראי
2025-09-03,00:00,2102,אספרסו,2,32,אשראי
2025-09-03,01:00,2103,קפוצ'ינו,3,63,אשראי
2025-09-03,02:00,2104,קפוצ'ינו,1,27,מזומן
2025-09-03,02:00,2105,אמריקנו קטן,3,63,אשראי
2025-09-03,02:00,2106,אמריקנו קטן,1,14,מזומן
2025-09-03,03:00,2107,מאפה גבינה,3,42,אשראי
2025-09-03,04:00,2108,מאפה שוקולד,2,26,מזומן
2025-09-03,04:00,2109,אספרסו,3,87,אשראי
2025-09-03,05:00,2110,אספרסו,2,50,אשראי
2025-09-03,05:00,2111,סנדוויץ’ טונה,2,54,מזומן
2025-09-03,06:00,2112,מיץ תפוזים טבעי,3,69,אשראי
2025-09-03,06:00,2113,עוגת גבינה,3,45,אשראי
2025-09-03,07:00,2114,מאפה גבינה,3,69,אשראי
2025-09-03,07:00,2115,מאפה גבינה,1,14,מזומן
2025-09-03,07:00,2116,סנדוויץ’ טונה,2,36,מזומן
2025-09-03,08:00,2117,אמריקנו קטן,2,44,אשראי
2025-09-03,09:00,2118,מיץ תפוזים טבעי,2,48,אשראי
2025-09-03,09:00,2119,סנדוויץ’ טונה,2,48,מזומן
2025-09-03,10:00,2120,עוגת גבינה,1,11,אשראי
2025-09-03,10:00,2121,מאפה שוקולד,3,66,אשראי
2025-09-03,10:00,2122,קפה הפוך,3,48,מזומן
2025-09-03,11:00,2123,עוגת גבינה,1,28,אשראי
2025-09-03,12:00,2124,קפוצ'ינו,3,72,אשראי
2025-09-03,13:00,2125,קפה הפוך,1,30,ביט
2025-09-03,14:00,2126,סנדוויץ’ טונה,2,40,אשראי
2025-09-03,14:00,2127,אמריקנו קטן,3,81,אשראי
2025-09-03,14:00,2128,מיץ תפוזים טבעי,2,38,אשראי
2025-09-03,15:00,2129,מאפה גבינה,1,10,מזומן
2025-09-03,15:00,2130,מאפה שוקולד,3,33,אשראי
2025-09-03,15:00,2131,קפה הפוך,1,13,אשראי
2025-09-03,16:00,2132,מאפה גבינה,1,22,מזומן
2025-09-03,17:00,2133,קפה הפוך,2,50,אשראי
2025-09-03,17:00,2134,קפה הפוך,1,26,מזומן
2025-09-03,17:00,2135,מאפה שוקולד,1,15,אשראי
2025-09-03,18:00,2136,סנדוויץ’ טונה,2,30,אשראי
2025-09-03,18:00,2137,סנדוויץ’ טונה,2,40,ביט
2025-09-03,19:00,2138,מיץ תפוזים טבעי,2,22,אשראי
2025-09-03,20:00,2139,קפוצ'ינו,2,58,מזומן
2025-09-03,21:00,2140,אמריקנו קטן,3,54,מזומן
2025-09-03,21:00,2141,אמריקנו קטן,2,58,אשראי
2025-09-03,22:00,2142,קפה הפוך,2,36,אשראי
2025-09-03,22:00,2143,קפוצ'ינו,1,16,אשראי
2025-09-03,22:00,2144,מאפה גבינה,3,90,אשראי
2025-09-03,23:00,2145,אמריקנו קטן,3,81,אשראי
2025-09-04,00:00,2146,מאפה שוקולד,1,27,אשראי
2025-09-04,00:00,2147,קפוצ'ינו,2,24,מזומן
2025-09-04,01:00,2148,קפה הפוך,3,66,מזומן
2025-09-04,01:00,2149,סנדוויץ’ טונה,2,20,אשראי
2025-09-04,02:00,2150,מאפה גבינה,2,48,אשראי
2025-09-04,03:00,2151,קפוצ'ינו,1,13,מזומן
2025-09-04,04:00,2152,עוגת גבינה,1,26,אשראי
2025-09-04,05:00,2153,קפוצ'ינו,3,69,אשראי
2025-09-04,05:00,2154,עוגת גבינה,1,25,מזומן
2025-09-04,05:00,2155,מאפה גבינה,1,25,אשראי
2025-09-04,06:00,2156,מאפה גבינה,3,75,אשראי
2025-09-04,06:00,2157,מאפה שוקולד,3,81,אשראי
2025-09-04,07:00,2158,קפה הפוך,1,15,אשראי
2025-09-04,07:00,2159,סנדוויץ’ טונה,3,30,אשראי
2025-09-04,08:00,2160,אספרסו,2,56,מזומן
2025-09-04,08:00,2161,מאפה שוקולד,1,22,אשראי
2025-09-04,08:00,2162,עוגת גבינה,2,36,מזומן
2025-09-04,09:00,2163,קפוצ'ינו,1,30,אשראי
2025-09-04,09:00,2164,מיץ תפוזים טבעי,2,50,מזומן
2025-09-04,10:00,2165,אספרסו,2,44,אשראי
2025-09-04,10:00,2166,מיץ תפוזים טבעי,1,22,אשראי
2025-09-04,11:00,2167,עוגת גבינה,1,14,אשראי
2025-09-04,11:00,2168,מאפה גבינה,2,20,אשראי
2025-09-04,11:00,2169,מאפה שוקולד,3,39,אשראי
2025-09-04,12:00,2170,מיץ תפוזים טבעי,3,30,אשראי
2025-09-04,12:00,2171,מאפה גבינה,1,17,אשראי
2025-09-04,13:00,2172,מיץ תפוזים טבעי,2,60,אשראי
2025-09-04,13:00,2173,עוגת גבינה,3,60,אשראי
2025-09-04,13:00,2174,מאפה שוקולד,3,60,אשראי
2025-09-04,14:00,2175,מאפה גבינה,2,36,אשראי
2025-09-04,14:00,2176,קפה הפוך,1,15,מזומן
2025-09-04,14:00,2177,קפוצ'ינו,3,90,אשראי
2025-09-04,15:00,2178,מיץ תפוזים טבעי,1,27,מזומן
2025-09-04,15:00,2179,אמריקנו קטן,1,24,מזומן
2025-09-04,16:00,2180,קפוצ'ינו,1,21,אשראי
2025-09-04,16:00,2181,עוגת גבינה,2,50,אשראי
2025-09-04,17:00,2182,אמריקנו קטן,1,16,אשראי
2025-09-04,17:00,2183,אמריקנו קטן,3,81,אשראי
2025-09-04,18:00,2184,מאפה גבינה,1,23,מזומן
2025-09-04,18:00,2185,סנדוויץ’ טונה,1,28,מזומן
2025-09-04,18:00,2186,קפה הפוך,1,30,אשראי
2025-09-04,19:00,2187,קפה הפוך,2,24,אשראי
2025-09-04,20:00,2188,אספרסו,1,15,אשראי
2025-09-04,21:00,2189,מאפה גבינה,1,14,אשראי
2025-09-04,21:00,2190,עוגת גבינה,1,20,מזומן
2025-09-04,22:00,2191,קפה הפוך,2,40,ביט
2025-09-04,23:00,2192,מאפה גבינה,3,42,אשראי
2025-09-04,23:00,2193,אספרסו,1,20,אשראי
2025-09-04,23:00,2194,עוגת גבינה,2,40,אשראי
2025-09-05,00:00,2195,קפוצ'ינו,3,69,מזומן
2025-09-05,01:00,2196,סנדוויץ’ טונה,2,26,מזומן
2025-09-05,01:00,2197,מאפה גבינה,1,14,אשראי
2025-09-05,01:00,2198,אספרסו,2,28,מזומן
2025-09-05,02:00,2199,מאפה גבינה,3,72,מזומן
2025-09-05,02:00,2200,מאפה גבינה,2,26,מזומן
2025-09-05,03:00,2201,עוגת גבינה,2,42,ביט
2025-09-05,03:00,2202,סנדוויץ’ טונה,3,57,אשראי
2025-09-05,04:00,2203,אספרסו,2,32,אשראי
2025-09-05,05:00,2204,קפוצ'ינו,3,36,אשראי
2025-09-05,06:00,2205,סנדוויץ’ טונה,3,90,אשראי
2025-09-05,07:00,2206,מאפה גבינה,3,54,אשראי
2025-09-05,08:00,2207,מיץ תפוזים טבעי,2,26,אשראי
2025-09-05,09:00,2208,מאפה גבינה,1,12,אשראי
2025-09-05,09:00,2209,קפה הפוך,3,30,מזומן
2025-09-05,09:00,2210,מאפה גבינה,2,38,אשראי
2025-09-05,10:00,2211,מאפה שוקולד,1,21,ביט
2025-09-05,10:00,2212,אספרסו,2,52,מזומן
2025-09-05,10:00,2213,קפה הפוך,1,26,אשראי
2025-09-05,11:00,2214,עוגת גבינה,2,50,אשראי
2025-09-05,12:00,2215,מיץ תפוזים טבעי,3,48,אשראי
2025-09-05,12:00,2216,סנדוויץ’ טונה,2,54,אשראי
2025-09-05,13:00,2217,עוגת גבינה,3,54,מזומן
2025-09-05,13:00,2218,עוגת גבינה,2,36,אשראי
2025-09-05,13:00,2219,אמריקנו קטן,2,30,מזומן
2025-09-05,14:00,2220,עוגת גבינה,3,45,ביט
2025-09-05,14:00,2221,סנדוויץ’ טונה,2,42,אשראי
2025-09-05,14:00,2222,קפוצ'ינו,2,50,אשראי
2025-09-05,15:00,2223,קפוצ'ינו,3,69,אשראי
2025-09-05,15:00,2224,מאפה גבינה,3,30,אשראי
2025-09-05,15:00,2225,מיץ תפוזים טבעי,1,25,ביט
2025-09-05,16:00,2226,מיץ תפוזים טבעי,3,72,אשראי
2025-09-05,16:00,2227,מיץ תפוזים טבעי,1,10,אשראי
2025-09-05,16:00,2228,עוגת גבינה,1,14,אשראי
2025-09-05,17:00,2229,מאפה גבינה,3,30,אשראי
2025-09-05,18:00,2230,עוגת גבינה,1,12,מזומן
2025-09-05,18:00,2231,מאפה שוקולד,2,56,ביט
2025-09-05,19:00,2232,קפוצ'ינו,3,48,מזומן
2025-09-05,20:00,2233,אספרסו,2,40,אשראי
2025-09-05,21:00,2234,קפוצ'ינו,1,19,ביט
2025-09-05,22:00,2235,קפוצ'ינו,2,50,אשראי
2025-09-05,22:00,2236,מיץ תפוזים טבעי,2,54,מזומן
2025-09-05,23:00,2237,מיץ תפוזים טבעי,3,69,ביט
2025-09-05,23:00,2238,קפה הפוך,3,42,מזומן
2025-09-06,00:00,2239,מאפה גבינה,2,38,אשראי
2025-09-06,00:00,2240,קפה הפוך,3,36,אשראי
2025-09-06,01:00,2241,קפוצ'ינו,3,57,אשראי
2025-09-06,01:00,2242,אמריקנו קטן,1,10,אשראי
2025-09-06,01:00,2243,קפוצ'ינו,3,57,אשראי
2025-09-06,02:00,2244,מאפה שוקולד,2,22,מזומן
2025-09-06,02:00,2245,מאפה שוקולד,3,90,ביט
2025-09-06,03:00,2246,אספרסו,2,30,ביט
2025-09-06,03:00,2247,אמריקנו קטן,2,28,אשראי
2025-09-06,04:00,2248,מיץ תפוזים טבעי,1,30,אשראי
2025-09-06,05:00,2249,אספרסו,3,33,מזומן
2025-09-06,05:00,2250,קפוצ'ינו,2,56,אשראי
2025-09-06,05:00,2251,מאפה שוקולד,3,78,אשראי
2025-09-06,06:00,2252,אמריקנו קטן,2,30,אשראי
2025-09-06,07:00,2253,מאפה שוקולד,3,90,ביט
2025-09-06,07:00,2254,קפוצ'ינו,2,52,אשראי
2025-09-06,07:00,2255,מאפה שוקולד,2,44,מזומן
2025-09-06,08:00,2256,עוגת גבינה,2,22,מזומן
2025-09-06,08:00,2257,מאפה שוקולד,2,24,מזומן
2025-09-06,08:00,2258,אמריקנו קטן,3,72,מזומן
2025-09-06,09:00,2259,אמריקנו קטן,3,87,מזומן
2025-09-06,10:00,2260,סנדוויץ’ טונה,3,42,אשראי
2025-09-06,10:00,2261,עוגת גבינה,3,78,מזומן
2025-09-06,10:00,2262,עוגת גבינה,1,26,מזומן
2025-09-06,11:00,2263,קפוצ'ינו,3,66,אשראי
2025-09-06,11:00,2264,מאפה שוקולד,2,40,אשראי
2025-09-06,11:00,2265,קפה הפוך,2,24,מזומן
2025-09-06,12:00,2266,קפה הפוך,2,22,אשראי
2025-09-06,13:00,2267,מיץ תפוזים טבעי,1,27,אשראי
2025-09-06,14:00,2268,מאפה שוקולד,3,54,מזומן
2025-09-06,14:00,2269,מאפה גבינה,1,18,אשראי
2025-09-06,14:00,2270,מיץ תפוזים טבעי,3,81,אשראי
2025-09-06,15:00,2271,מיץ תפוזים טבעי,2,28,אשראי
2025-09-06,15:00,2272,קפה הפוך,2,58,אשראי
2025-09-06,15:00,2273,מיץ תפוזים טבעי,2,28,אשראי
2025-09-06,16:00,2274,עוגת גבינה,2,60,אשראי
2025-09-06,16:00,2275,מאפה שוקולד,3,54,אשראי
2025-09-06,17:00,2276,אמריקנו קטן,2,42,אשראי
2025-09-06,18:00,2277,קפוצ'ינו,2,38,מזומן
2025-09-06,18:00,2278,מאפה שוקולד,3,57,ביט
2025-09-06,19:00,2279,קפוצ'ינו,3,69,אשראי
2025-09-06,20:00,2280,קפוצ'ינו,3,66,אשראי
2025-09-06,21:00,2281,אמריקנו קטן,1,20,אשראי
2025-09-06,21:00,2282,אספרסו,3,81,אשראי
2025-09-06,21:00,2283,אמריקנו קטן,2,24,אשראי
2025-09-06,22:00,2284,מאפה גבינה,1,28,אשראי
2025-09-06,22:00,2285,מאפה גבינה,2,32,ביט
2025-09-06,23:00,2286,מאפה גבינה,2,50,אשראי
2025-09-07,00:00,2287,אמריקנו קטן,1,26,מזומן
2025-09-07,00:00,2288,מאפה גבינה,1,18,אשראי
2025-09-07,00:00,2289,קפוצ'ינו,3,48,מזומן
2025-09-07,01:00,2290,מיץ תפוזים טבעי,2,40,מזומן
2025-09-07,01:00,2291,אמריקנו קטן,1,14,מזומן
2025-09-07,01:00,2292,קפוצ'ינו,1,18,אשראי
2025-09-07,02:00,2293,עוגת גבינה,1,23,אשראי
2025-09-07,02:00,2294,עוגת גבינה,3,60,אשראי
2025-09-07,03:00,2295,עוגת גבינה,2,58,מזומן
2025-09-07,03:00,2296,אספרסו,2,28,מזומן
2025-09-07,03:00,2297,מיץ תפוזים טבעי,2,20,אשראי
2025-09-07,04:00,2298,אמריקנו קטן,1,12,מזומן
2025-09-07,04:00,2299,מאפה גבינה,2,56,אשראי
2025-09-07,04:00,2300,קפה הפוך,2,56,אשראי
2025-09-07,05:00,2301,קפוצ'ינו,3,72,אשראי
2025-09-07,05:00,2302,קפוצ'ינו,1,20,אשראי
2025-09-07,05:00,2303,עוגת גבינה,1,18,אשראי
2025-09-07,06:00,2304,סנדוויץ’ טונה,3,66,מזומן
2025-09-07,06:00,2305,עוגת גבינה,1,21,אשראי
2025-09-07,06:00,2306,מאפה גבינה,1,10,אשראי
2025-09-07,07:00,2307,אספרסו,3,36,אשראי
2025-09-07,07:00,2308,אמריקנו קטן,1,27,אשראי
2025-09-07,08:00,2309,סנדוויץ’ טונה,3,57,מזומן
2025-09-07,09:00,2310,עוגת גבינה,3,54,אשראי
2025-09-07,10:00,2311,עוגת גבינה,3,87,ביט
2025-09-07,11:00,2312,קפוצ'ינו,3,90,אשראי
2025-09-07,11:00,2313,מאפה גבינה,2,42,אשראי
2025-09-07,11:00,2314,אמריקנו קטן,3,36,אשראי
2025-09-07,12:00,2315,אספרסו,1,18,מזומן
2025-09-07,13:00,2316,מאפה גבינה,1,12,אשראי
2025-09-07,14:00,2317,אספרסו,3,45,אשראי
2025-09-07,15:00,2318,מאפה שוקולד,3,84,אשראי
2025-09-07,15:00,2319,אמריקנו קטן,3,63,אשראי
2025-09-07,15:00,2320,מיץ תפוזים טבעי,3,72,מזומן
2025-09-07,16:00,2321,סנדוויץ’ טונה,3,48,אשראי
2025-09-07,16:00,2322,מאפה שוקולד,1,24,מזומן
2025-09-07,17:00,2323,עוגת גבינה,3,63,מזומן
2025-09-07,17:00,2324,קפוצ'ינו,2,32,מזומן
2025-09-07,18:00,2325,קפה הפוך,1,24,מזומן
2025-09-07,19:00,2326,קפוצ'ינו,3,51,מזומן
2025-09-07,19:00,2327,אמריקנו קטן,1,29,מזומן
2025-09-07,20:00,2328,מאפה גבינה,3,66,אשראי
2025-09-07,20:00,2329,קפה הפוך,3,66,מזומן
2025-09-07,20:00,2330,קפוצ'ינו,1,27,אשראי
2025-09-07,21:00,2331,אספרסו,1,26,מזומן
2025-09-07,21:00,2332,אמריקנו קטן,2,40,מזומן
2025-09-07,21:00,2333,מאפה שוקולד,1,27,אשראי
2025-09-07,22:00,2334,קפה הפוך,2,48,אשראי
2025-09-07,22:00,2335,מיץ תפוזים טבעי,2,34,אשראי
2025-09-07,23:00,2336,עוגת גבינה,3,51,אשראי
2025-09-08,00:00,2337,קפה הפוך,1,24,מזומן
2025-09-08,00:00,2338,קפוצ'ינו,3,75,אשראי
2025-09-08,01:00,2339,קפוצ'ינו,3,81,מזומן
2025-09-08,01:00,2340,אמריקנו קטן,1,14,אשראי
2025-09-08,02:00,2341,אספרסו,1,20,מזומן
2025-09-08,02:00,2342,קפה הפוך,1,15,מזומן
2025-09-08,03:00,2343,אמריקנו קטן,3,63,אשראי
2025-09-08,04:00,2344,סנדוויץ’ טונה,2,60,מזומן
2025-09-08,04:00,2345,אספרסו,1,23,אשראי
2025-09-08,05:00,2346,מיץ תפוזים טבעי,1,23,אשראי
2025-09-08,06:00,2347,קפה הפוך,3,36,אשראי
2025-09-08,06:00,2348,קפוצ'ינו,1,15,אשראי
2025-09-08,06:00,2349,מאפה גבינה,2,22,אשראי
2025-09-08,07:00,2350,קפה הפוך,3,78,ביט
2025-09-08,08:00,2351,עוגת גבינה,3,42,מזומן
2025-09-08,08:00,2352,אמריקנו קטן,2,24,אשראי
2025-09-08,08:00,2353,קפוצ'ינו,2,50,אשראי
2025-09-08,09:00,2354,אמריקנו קטן,1,11,אשראי
2025-09-08,09:00,2355,קפה הפוך,3,42,אשראי
2025-09-08,10:00,2356,מיץ תפוזים טבעי,3,75,מזומן
2025-09-08,10:00,2357,מיץ תפוזים טבעי,1,23,אשראי
2025-09-08,11:00,2358,עוגת גבינה,1,13,אשראי
2025-09-08,11:00,2359,מיץ תפוזים טבעי,2,28,מזומן
2025-09-08,11:00,2360,אספרסו,3,30,אשראי
2025-09-08,12:00,2361,קפה הפוך,1,11,אשראי
2025-09-08,12:00,2362,מאפה גבינה,3,42,אשראי
2025-09-08,12:00,2363,קפה הפוך,2,36,מזומן
2025-09-08,13:00,2364,מאפה גבינה,3,33,מזומן
2025-09-08,14:00,2365,אספרסו,3,75,מזומן
2025-09-08,14:00,2366,קפוצ'ינו,3,81,אשראי
2025-09-08,15:00,2367,סנדוויץ’ טונה,3,90,מזומן
2025-09-08,15:00,2368,מאפה גבינה,3,42,אשראי
2025-09-08,15:00,2369,עוגת גבינה,1,25,אשראי
2025-09-08,16:00,2370,מיץ תפוזים טבעי,1,24,מזומן
2025-09-08,17:00,2371,מיץ תפוזים טבעי,2,44,אשראי
2025-09-08,17:00,2372,קפוצ'ינו,1,17,אשראי
2025-09-08,18:00,2373,אמריקנו קטן,2,34,אשראי
2025-09-08,19:00,2374,מאפה שוקולד,2,24,אשראי
2025-09-08,20:00,2375,סנדוויץ’ טונה,3,84,אשראי
2025-09-08,20:00,2376,אמריקנו קטן,1,30,אשראי
2025-09-08,20:00,2377,מיץ תפוזים טבעי,3,81,מזומן
2025-09-08,21:00,2378,סנדוויץ’ טונה,3,39,מזומן
2025-09-08,22:00,2379,מיץ תפוזים טבעי,3,45,אשראי
2025-09-08,22:00,2380,מיץ תפוזים טבעי,2,20,אשראי
2025-09-08,23:00,2381,מיץ תפוזים טבעי,3,48,מזומן
2025-09-08,23:00,2382,מאפה שוקולד,1,21,מזומן
2025-09-09,00:00,2383,אמריקנו קטן,3,30,אשראי
2025-09-09,00:00,2384,מיץ תפוזים טבעי,1,18,מזומן
2025-09-09,01:00,2385,אספרסו,2,52,אשראי
2025-09-09,01:00,2386,אספרסו,3,84,מזומן
2025-09-09,01:00,2387,עוגת גבינה,1,18,אשראי
2025-09-09,02:00,2388,עוגת גבינה,3,60,אשראי
2025-09-09,02:00,2389,קפוצ'ינו,3,30,מזומן
2025-09-09,02:00,2390,קפוצ'ינו,1,22,אשראי
2025-09-09,03:00,2391,מאפה גבינה,2,46,מזומן
2025-09-09,03:00,2392,סנדוויץ’ טונה,3,33,מזומן
2025-09-09,04:00,2393,סנדוויץ’ טונה,1,11,אשראי
2025-09-09,05:00,2394,קפה הפוך,2,60,אשראי
2025-09-09,05:00,2395,אמריקנו קטן,1,21,אשראי
2025-09-09,05:00,2396,מיץ תפוזים טבעי,3,45,מזומן
2025-09-09,06:00,2397,מאפה שוקולד,1,20,מזומן
2025-09-09,06:00,2398,קפה הפוך,1,24,אשראי
2025-09-09,06:00,2399,מיץ תפוזים טבעי,3,45,אשראי
2025-09-09,07:00,2400,עוגת גבינה,2,38,מזומן
2025-09-09,08:00,2401,מיץ תפוזים טבעי,1,19,ביט
2025-09-09,08:00,2402,קפה הפוך,3,78,אשראי
2025-09-09,09:00,2403,מאפה גבינה,2,32,מזומן
2025-09-09,09:00,2404,אספרסו,3,81,אשראי
2025-09-09,09:00,2405,קפוצ'ינו,2,32,אשראי
2025-09-09,10:00,2406,מיץ תפוזים טבעי,1,18,מזומן
2025-09-09,10:00,2407,מיץ תפוזים טבעי,2,48,מזומן
2025-09-09,11:00,2408,סנדוויץ’ טונה,3,63,מזומן
2025-09-09,11:00,2409,מאפה שוקולד,1,17,אשראי
2025-09-09,11:00,2410,קפה הפוך,3,33,אשראי
2025-09-09,12:00,2411,מאפה שוקולד,1,19,מזומן
2025-09-09,13:00,2412,מאפה גבינה,3,51,מזומן
2025-09-09,14:00,2413,אספרסו,2,40,אשראי
2025-09-09,14:00,2414,מאפה גבינה,2,30,אשראי
2025-09-09,14:00,2415,מיץ תפוזים טבעי,1,15,אשראי
2025-09-09,15:00,2416,עוגת גבינה,3,63,אשראי
2025-09-09,15:00,2417,סנדוויץ’ טונה,1,15,אשראי
2025-09-09,16:00,2418,עוגת גבינה,3,60,אשראי
2025-09-09,17:00,2419,אמריקנו קטן,3,54,אשראי
2025-09-09,17:00,2420,מאפה גבינה,1,20,אשראי
2025-09-09,18:00,2421,סנדוויץ’ טונה,1,23,אשראי
2025-09-09,18:00,2422,קפה הפוך,1,10,ביט
2025-09-09,19:00,2423,אמריקנו קטן,2,46,אשראי
2025-09-09,19:00,2424,מאפה גבינה,3,81,אשראי
2025-09-09,20:00,2425,קפה הפוך,1,25,אשראי
2025-09-09,20:00,2426,מאפה גבינה,1,14,אשראי
2025-09-09,20:00,2427,אמריקנו קטן,3,48,אשראי
2025-09-09,21:00,2428,קפוצ'ינו,3,69,אשראי
2025-09-09,21:00,2429,אמריקנו קטן,1,23,מזומן
2025-09-09,21:00,2430,קפוצ'ינו,2,48,אשראי
2025-09-09,22:00,2431,מיץ תפוזים טבעי,1,15,אשראי
2025-09-09,23:00,2432,עוגת גבינה,3,84,אשראי
2025-09-09,23:00,2433,עוגת גבינה,3,60,אשראי
2025-09-10,00:00,2434,סנדוויץ’ טונה,2,22,אשראי
2025-09-10,00:00,2435,אמריקנו קטן,2,36,אשראי
2025-09-10,00:00,2436,אמריקנו קטן,2,52,אשראי
2025-09-10,01:00,2437,סנדוויץ’ טונה,2,24,אשראי
2025-09-10,01:00,2438,קפוצ'ינו,2,46,מזומן
2025-09-10,01:00,2439,קפוצ'ינו,2,56,אשראי
2025-09-10,02:00,2440,קפה הפוך,1,18,אשראי
2025-09-10,02:00,2441,אמריקנו קטן,3,60,אשראי
2025-09-10,02:00,2442,קפוצ'ינו,2,22,אשראי
2025-09-10,03:00,2443,מיץ תפוזים טבעי,1,30,אשראי
2025-09-10,03:00,2444,קפוצ'ינו,3,48,אשראי
2025-09-10,03:00,2445,אמריקנו קטן,3,90,מזומן
2025-09-10,04:00,2446,קפה הפוך,2,30,אשראי
2025-09-10,04:00,2447,סנדוויץ’ טונה,1,24,מזומן
2025-09-10,05:00,2448,קפוצ'ינו,3,78,אשראי
2025-09-10,06:00,2449,מאפה שוקולד,2,48,אשראי
2025-09-10,06:00,2450,אמריקנו קטן,2,24,מזומן
2025-09-10,07:00,2451,סנדוויץ’ טונה,2,22,מזומן
2025-09-10,07:00,2452,קפה הפוך,2,40,אשראי
2025-09-10,08:00,2453,קפה הפוך,2,56,אשראי
2025-09-10,08:00,2454,קפה הפוך,2,44,אשראי
2025-09-10,09:00,2455,סנדוויץ’ טונה,3,84,אשראי
2025-09-10,09:00,2456,מיץ תפוזים טבעי,2,56,אשראי
2025-09-10,10:00,2457,מאפה שוקולד,1,10,אשראי
2025-09-10,10:00,2458,קפה הפוך,2,50,ביט
2025-09-10,11:00,2459,מיץ תפוזים טבעי,1,14,אשראי
2025-09-10,11:00,2460,מיץ תפוזים טבעי,1,29,ביט
2025-09-10,12:00,2461,מאפה גבינה,2,46,אשראי
2025-09-10,12:00,2462,קפוצ'ינו,2,38,אשראי
2025-09-10,12:00,2463,קפוצ'ינו,2,20,מזומן
2025-09-10,13:00,2464,מאפה שוקולד,3,66,מזומן
2025-09-10,13:00,2465,אמריקנו קטן,3,72,אשראי
2025-09-10,14:00,2466,מיץ תפוזים טבעי,2,32,אשראי
2025-09-10,14:00,2467,אספרסו,2,24,אשראי
2025-09-10,15:00,2468,עוגת גבינה,3,63,אשראי
2025-09-10,15:00,2469,מאפה שוקולד,3,33,מזומן
2025-09-10,16:00,2470,מיץ תפוזים טבעי,3,45,אשראי
2025-09-10,16:00,2471,אספרסו,3,90,מזומן
2025-09-10,16:00,2472,קפה הפוך,1,26,מזומן
2025-09-10,17:00,2473,אמריקנו קטן,1,17,מזומן
2025-09-10,17:00,2474,מאפה גבינה,2,44,אשראי
2025-09-10,18:00,2475,מאפה שוקולד,1,30,מזומן
2025-09-10,19:00,2476,מיץ תפוזים טבעי,2,58,מזומן
2025-09-10,19:00,2477,סנדוויץ’ טונה,1,18,אשראי
2025-09-10,20:00,2478,אספרסו,1,28,אשראי
2025-09-10,21:00,2479,קפוצ'ינו,3,33,מזומן
2025-09-10,22:00,2480,מיץ תפוזים טבעי,3,75,אשראי
2025-09-10,22:00,2481,קפה הפוך,2,48,מזומן
2025-09-10,22:00,2482,קפוצ'ינו,1,19,אשראי
2025-09-10,23:00,2483,קפוצ'ינו,1,17,אשראי
2025-09-10,23:00,2484,אספרסו,3,33,ביט
2025-09-11,00:00,2485,מאפה שוקולד,1,22,מזומן
2025-09-11,01:00,2486,מיץ תפוזים טבעי,3,90,מזומן
2025-09-11,02:00,2487,קפוצ'ינו,1,22,מזומן
2025-09-11,03:00,2488,מיץ תפוזים טבעי,3,30,אשראי
2025-09-11,03:00,2489,קפה הפוך,3,45,אשראי
2025-09-11,03:00,2490,קפה הפוך,1,22,אשראי
2025-09-11,04:00,2491,מאפה שוקולד,3,81,אשראי
2025-09-11,04:00,2492,קפוצ'ינו,1,15,אשראי
2025-09-11,04:00,2493,עוגת גבינה,3,60,אשראי
2025-09-11,05:00,2494,סנדוויץ’ טונה,3,33,אשראי
2025-09-11,05:00,2495,קפה הפוך,3,39,מזומן
2025-09-11,05:00,2496,מיץ תפוזים טבעי,2,38,אשראי
2025-09-11,06:00,2497,קפה הפוך,1,19,מזומן
2025-09-11,07:00,2498,עוגת גבינה,2,44,אשראי
2025-09-11,07:00,2499,קפוצ'ינו,3,84,אשראי
2025-09-11,07:00,2500,קפוצ'ינו,2,54,אשראי
2025-09-11,08:00,2501,סנדוויץ’ טונה,3,84,אשראי
2025-09-11,08:00,2502,קפוצ'ינו,2,20,אשראי
2025-09-11,08:00,2503,קפה הפוך,1,22,אשראי
2025-09-11,09:00,2504,אמריקנו קטן,1,25,מזומן
2025-09-11,09:00,2505,קפה הפוך,1,11,מזומן
2025-09-11,10:00,2506,קפוצ'ינו,3,72,אשראי
2025-09-11,10:00,2507,אספרסו,1,11,מזומן
2025-09-11,10:00,2508,אספרסו,3,51,אשראי
2025-09-11,11:00,2509,מאפה גבינה,2,50,אשראי
2025-09-11,12:00,2510,סנדוויץ’ טונה,3,75,אשראי
2025-09-11,12:00,2511,מאפה שוקולד,1,21,אשראי
2025-09-11,13:00,2512,סנדוויץ’ טונה,1,22,מזומן
2025-09-11,13:00,2513,אמריקנו קטן,3,45,אשראי
2025-09-11,13:00,2514,מאפה שוקולד,3,78,אשראי
2025-09-11,14:00,2515,עוגת גבינה,2,26,מזומן
2025-09-11,14:00,2516,אספרסו,2,46,אשראי
2025-09-11,14:00,2517,מאפה גבינה,2,56,אשראי
2025-09-11,15:00,2518,עוגת גבינה,1,12,אשראי
2025-09-11,15:00,2519,אספרסו,1,26,מזומן
2025-09-11,16:00,2520,אמריקנו קטן,2,30,מזומן
2025-09-11,16:00,2521,סנדוויץ’ טונה,2,60,אשראי
2025-09-11,17:00,2522,אספרסו,1,30,מזומן
2025-09-11,18:00,2523,אספרסו,3,78,מזומן
2025-09-11,19:00,2524,אספרסו,1,10,אשראי
2025-09-11,19:00,2525,קפה הפוך,2,36,אשראי
2025-09-11,19:00,2526,קפה הפוך,1,13,אשראי
2025-09-11,20:00,2527,מאפה שוקולד,2,34,אשראי
2025-09-11,20:00,2528,אספרסו,1,17,אשראי
2025-09-11,20:00,2529,סנדוויץ’ טונה,3,87,מזומן
2025-09-11,21:00,2530,אספרסו,3,63,מזומן
2025-09-11,21:00,2531,עוגת גבינה,2,20,מזומן
2025-09-11,22:00,2532,אספרסו,1,29,מזומן
2025-09-11,23:00,2533,סנדוויץ’ טונה,1,12,אשראי
2025-09-11,23:00,2534,מאפה שוקולד,1,19,אשראי
2025-09-12,00:00,2535,מאפה שוקולד,3,84,מזומן
2025-09-12,00:00,2536,קפוצ'ינו,3,33,מזומן
2025-09-12,00:00,2537,סנדוויץ’ טונה,2,24,אשראי
2025-09-12,01:00,2538,סנדוויץ’ טונה,2,40,אשראי
2025-09-12,01:00,2539,סנדוויץ’ טונה,2,32,אשראי
2025-09-12,01:00,2540,אמריקנו קטן,2,40,אשראי
2025-09-12,02:00,2541,אמריקנו קטן,1,25,מזומן
2025-09-12,02:00,2542,קפה הפוך,3,51,אשראי
2025-09-12,02:00,2543,סנדוויץ’ טונה,3,42,אשראי
2025-09-12,03:00,2544,מאפה שוקולד,1,20,מזומן
2025-09-12,03:00,2545,קפה הפוך,3,45,אשראי
2025-09-12,04:00,2546,קפה הפוך,1,27,מזומן
2025-09-12,04:00,2547,מאפה שוקולד,3,57,אשראי
2025-09-12,05:00,2548,מיץ תפוזים טבעי,3,42,מזומן
2025-09-12,06:00,2549,אמריקנו קטן,2,40,אשראי
2025-09-12,07:00,2550,מאפה שוקולד,3,63,אשראי
2025-09-12,07:00,2551,אספרסו,2,22,ביט
2025-09-12,08:00,2552,מאפה שוקולד,2,38,אשראי
2025-09-12,08:00,2553,סנדוויץ’ טונה,2,20,אשראי
2025-09-12,08:00,2554,אספרסו,1,16,אשראי
2025-09-12,09:00,2555,קפה הפוך,3,75,אשראי
2025-09-12,10:00,2556,קפוצ'ינו,1,30,מזומן
2025-09-12,11:00,2557,קפוצ'ינו,2,26,אשראי
2025-09-12,12:00,2558,אספרסו,2,26,מזומן
2025-09-12,12:00,2559,קפה הפוך,3,48,אשראי
2025-09-12,12:00,2560,אמריקנו קטן,1,21,מזומן
2025-09-12,13:00,2561,מיץ תפוזים טבעי,3,72,אשראי
2025-09-12,13:00,2562,עוגת גבינה,3,87,אשראי
2025-09-12,14:00,2563,עוגת גבינה,2,34,אשראי
2025-09-12,14:00,2564,מאפה גבינה,3,60,אשראי
2025-09-12,15:00,2565,מאפה גבינה,1,27,מזומן
2025-09-12,16:00,2566,קפה הפוך,2,26,מזומן
2025-09-12,17:00,2567,עוגת גבינה,3,90,אשראי
2025-09-12,17:00,2568,מיץ תפוזים טבעי,1,27,מזומן
2025-09-12,18:00,2569,קפוצ'ינו,3,45,מזומן
2025-09-12,18:00,2570,אספרסו,3,57,אשראי
2025-09-12,18:00,2571,סנדוויץ’ טונה,2,54,אשראי
2025-09-12,19:00,2572,עוגת גבינה,3,78,מזומן
2025-09-12,20:00,2573,מאפה גבינה,1,24,אשראי
2025-09-12,20:00,2574,סנדוויץ’ טונה,1,28,מזומן
2025-09-12,20:00,2575,אמריקנו קטן,1,17,אשראי
2025-09-12,21:00,2576,קפה הפוך,1,26,אשראי
2025-09-12,21:00,2577,אספרסו,2,24,אשראי
2025-09-12,21:00,2578,קפוצ'ינו,2,44,מזומן
2025-09-12,22:00,2579,קפוצ'ינו,2,38,אשראי
2025-09-12,22:00,2580,קפוצ'ינו,2,50,אשראי
2025-09-12,23:00,2581,סנדוויץ’ טונה,2,48,מזומן
2025-09-13,00:00,2582,מאפה שוקולד,2,60,מזומן
2025-09-13,00:00,2583,מאפה שוקולד,1,11,אשראי
2025-09-13,00:00,2584,מאפה שוקולד,3,75,מזומן
2025-09-13,01:00,2585,קפה הפוך,1,23,אשראי
2025-09-13,01:00,2586,אמריקנו קטן,2,30,אשראי
2025-09-13,02:00,2587,סנדוויץ’ טונה,2,50,מזומן
2025-09-13,02:00,2588,מאפה שוקולד,3,54,אשראי
2025-09-13,03:00,2589,אספרסו,2,26,אשראי
2025-09-13,04:00,2590,מאפה גבינה,2,24,מזומן
2025-09-13,04:00,2591,מיץ תפוזים טבעי,2,24,אשראי
2025-09-13,04:00,2592,אמריקנו קטן,1,28,אשראי
2025-09-13,05:00,2593,מאפה גבינה,3,69,מזומן
2025-09-13,06:00,2594,מאפה גבינה,1,15,אשראי
2025-09-13,06:00,2595,מיץ תפוזים טבעי,3,42,אשראי
2025-09-13,06:00,2596,סנדוויץ’ טונה,2,56,אשראי
2025-09-13,07:00,2597,עוגת גבינה,3,72,אשראי
2025-09-13,08:00,2598,מיץ תפוזים טבעי,3,87,אשראי
2025-09-13,08:00,2599,קפה הפוך,2,52,ביט
2025-09-13,09:00,2600,עוגת גבינה,1,19,מזומן
2025-09-13,10:00,2601,אספרסו,3,75,מזומן
2025-09-13,10:00,2602,מאפה שוקולד,2,38,מזומן
2025-09-13,11:00,2603,מאפה שוקולד,2,28,מזומן
2025-09-13,11:00,2604,קפה הפוך,2,60,אשראי
2025-09-13,11:00,2605,מאפה גבינה,2,22,אשראי
2025-09-13,12:00,2606,עוגת גבינה,2,22,אשראי
2025-09-13,12:00,2607,אמריקנו קטן,3,66,מזומן
2025-09-13,12:00,2608,מאפה שוקולד,1,22,אשראי
2025-09-13,13:00,2609,עוגת גבינה,2,28,מזומן
2025-09-13,13:00,2610,אמריקנו קטן,1,19,אשראי
2025-09-13,13:00,2611,מאפה גבינה,2,48,אשראי
2025-09-13,14:00,2612,אספרסו,1,17,מזומן
2025-09-13,14:00,2613,מאפה גבינה,3,66,מזומן
2025-09-13,15:00,2614,מאפה גבינה,1,22,אשראי
2025-09-13,16:00,2615,סנדוויץ’ טונה,3,84,מזומן
2025-09-13,16:00,2616,מאפה שוקולד,3,30,אשראי
2025-09-13,17:00,2617,סנדוויץ’ טונה,2,28,אשראי
2025-09-13,17:00,2618,קפוצ'ינו,2,52,מזומן
2025-09-13,17:00,2619,סנדוויץ’ טונה,1,30,אשראי
2025-09-13,18:00,2620,קפה הפוך,1,14,אשראי
2025-09-13,19:00,2621,קפה הפוך,1,30,אשראי
2025-09-13,20:00,2622,קפה הפוך,3,42,אשראי
2025-09-13,20:00,2623,קפוצ'ינו,3,45,אשראי
2025-09-13,20:00,2624,מאפה גבינה,1,14,מזומן
2025-09-13,21:00,2625,מאפה גבינה,2,40,ביט
2025-09-13,21:00,2626,קפה הפוך,3,75,אשראי
2025-09-13,21:00,2627,מאפה שוקולד,1,12,מזומן
2025-09-13,22:00,2628,מאפה שוקולד,2,52,ביט
2025-09-13,23:00,2629,סנדוויץ’ טונה,2,22,אשראי
2025-09-13,23:00,2630,קפה הפוך,1,20,אשראי
2025-09-14,00:00,2631,אמריקנו קטן,1,19,אשראי
2025-09-14,01:00,2632,קפוצ'ינו,2,34,מזומן
2025-09-14,01:00,2633,אספרסו,3,87,אשראי
2025-09-14,01:00,2634,אמריקנו קטן,3,84,אשראי
2025-09-14,02:00,2635,מיץ תפוזים טבעי,2,22,אשראי
2025-09-14,02:00,2636,עוגת גבינה,3,87,אשראי
2025-09-14,03:00,2637,סנדוויץ’ טונה,1,14,מזומן
2025-09-14,03:00,2638,עוגת גבינה,1,27,אשראי
2025-09-14,03:00,2639,קפה הפוך,3,39,מזומן
2025-09-14,04:00,2640,אספרסו,3,30,מזומן
2025-09-14,04:00,2641,קפוצ'ינו,2,58,אשראי
2025-09-14,05:00,2642,מאפה גבינה,1,26,מזומן
2025-09-14,05:00,2643,סנדוויץ’ טונה,2,54,אשראי
2025-09-14,05:00,2644,קפוצ'ינו,3,69,אשראי
2025-09-14,06:00,2645,קפוצ'ינו,3,54,מזומן
2025-09-14,06:00,2646,עוגת גבינה,3,87,אשראי
2025-09-14,07:00,2647,סנדוויץ’ טונה,3,78,אשראי
2025-09-14,07:00,2648,מיץ תפוזים טבעי,3,54,אשראי
2025-09-14,08:00,2649,אמריקנו קטן,3,75,אשראי
2025-09-14,08:00,2650,מאפה גבינה,1,13,מזומן
2025-09-14,08:00,2651,קפה הפוך,3,39,אשראי
2025-09-14,09:00,2652,אספרסו,1,29,אשראי
2025-09-14,09:00,2653,קפה הפוך,2,42,אשראי
2025-09-14,09:00,2654,אמריקנו קטן,2,38,אשראי
2025-09-14,10:00,2655,מיץ תפוזים טבעי,1,13,אשראי
2025-09-14,10:00,2656,סנדוויץ’ טונה,3,81,אשראי
2025-09-14,11:00,2657,עוגת גבינה,3,78,אשראי
2025-09-14,11:00,2658,אספרסו,2,52,אשראי
2025-09-14,11:00,2659,מיץ תפוזים טבעי,1,19,אשראי
2025-09-14,12:00,2660,קפוצ'ינו,3,84,מזומן
2025-09-14,13:00,2661,סנדוויץ’ טונה,3,30,אשראי
2025-09-14,13:00,2662,עוגת גבינה,3,72,מזומן
2025-09-14,14:00,2663,אמריקנו קטן,2,26,אשראי
2025-09-14,15:00,2664,אמריקנו קטן,1,21,אשראי
2025-09-14,16:00,2665,סנדוויץ’ טונה,3,33,אשראי
2025-09-14,17:00,2666,סנדוויץ’ טונה,2,40,אשראי
2025-09-14,17:00,2667,מיץ תפוזים טבעי,3,87,אשראי
2025-09-14,18:00,2668,קפוצ'ינו,3,54,אשראי
2025-09-14,18:00,2669,קפה הפוך,2,44,אשראי
2025-09-14,19:00,2670,אספרסו,1,25,אשראי
2025-09-14,19:00,2671,אמריקנו קטן,3,39,אשראי
2025-09-14,20:00,2672,סנדוויץ’ טונה,2,48,אשראי
2025-09-14,20:00,2673,אמריקנו קטן,2,26,אשראי
2025-09-14,21:00,2674,אמריקנו קטן,3,48,אשראי
2025-09-14,21:00,2675,קפוצ'ינו,2,58,ביט
2025-09-14,21:00,2676,קפוצ'ינו,1,29,מזומן
2025-09-14,22:00,2677,קפוצ'ינו,3,84,אשראי
2025-09-14,22:00,2678,קפה הפוך,1,26,אשראי
2025-09-14,22:00,2679,קפוצ'ינו,1,25,אשראי
2025-09-14,23:00,2680,קפוצ'ינו,2,26,מזומן
2025-09-14,23:00,2681,עוגת גבינה,2,58,אשראי
2025-09-14,23:00,2682,סנדוויץ’ טונה,2,44,מזומן
2025-09-15,00:00,2683,סנדוויץ’ טונה,3,57,מזומן
2025-09-15,00:00,2684,מאפה שוקולד,3,90,אשראי
2025-09-15,01:00,2685,אספרסו,1,27,אשראי
2025-09-15,01:00,2686,עוגת גבינה,1,28,אשראי
2025-09-15,01:00,2687,מאפה שוקולד,3,33,אשראי
2025-09-15,02:00,2688,סנדוויץ’ טונה,1,14,אשראי
2025-09-15,02:00,2689,קפה הפוך,3,75,אשראי
2025-09-15,02:00,2690,מיץ תפוזים טבעי,1,10,אשראי
2025-09-15,03:00,2691,מיץ תפוזים טבעי,3,33,אשראי
2025-09-15,03:00,2692,מאפה גבינה,2,38,אשראי
2025-09-15,04:00,2693,סנדוויץ’ טונה,3,78,אשראי
2025-09-15,04:00,2694,קפוצ'ינו,1,19,מזומן
2025-09-15,04:00,2695,קפוצ'ינו,1,30,מזומן
2025-09-15,05:00,2696,מאפה גבינה,1,12,מזומן
2025-09-15,05:00,2697,עוגת גבינה,3,63,אשראי
2025-09-15,06:00,2698,מאפה גבינה,1,11,מזומן
2025-09-15,07:00,2699,סנדוויץ’ טונה,3,87,מזומן
2025-09-15,07:00,2700,אמריקנו קטן,1,28,אשראי
2025-09-15,07:00,2701,אמריקנו קטן,3,51,אשראי
2025-09-15,08:00,2702,קפוצ'ינו,3,60,מזומן
2025-09-15,08:00,2703,קפוצ'ינו,1,13,אשראי
2025-09-15,09:00,2704,עוגת גבינה,3,45,אשראי
2025-09-15,09:00,2705,קפה הפוך,1,21,מזומן
2025-09-15,09:00,2706,אספרסו,1,21,אשראי
2025-09-15,10:00,2707,קפוצ'ינו,1,16,אשראי
2025-09-15,10:00,2708,אמריקנו קטן,2,56,אשראי
2025-09-15,10:00,2709,מיץ תפוזים טבעי,3,75,אשראי
2025-09-15,11:00,2710,מיץ תפוזים טבעי,1,16,מזומן
2025-09-15,12:00,2711,עוגת גבינה,3,84,אשראי
2025-09-15,13:00,2712,מיץ תפוזים טבעי,3,36,אשראי
2025-09-15,13:00,2713,סנדוויץ’ טונה,3,63,מזומן
2025-09-15,13:00,2714,מאפה גבינה,1,21,אשראי
2025-09-15,14:00,2715,מאפה שוקולד,2,32,אשראי
2025-09-15,14:00,2716,קפוצ'ינו,2,60,ביט
2025-09-15,14:00,2717,עוגת גבינה,3,60,מזומן
2025-09-15,15:00,2718,מאפה שוקולד,3,87,אשראי
2025-09-15,15:00,2719,סנדוויץ’ טונה,2,34,מזומן
2025-09-15,16:00,2720,מאפה שוקולד,1,14,מזומן
2025-09-15,16:00,2721,מאפה שוקולד,3,60,מזומן
2025-09-15,16:00,2722,קפה הפוך,3,48,מזומן
2025-09-15,17:00,2723,מאפה גבינה,2,28,ביט
2025-09-15,17:00,2724,מאפה גבינה,1,16,אשראי
2025-09-15,18:00,2725,קפוצ'ינו,3,57,אשראי
2025-09-15,19:00,2726,סנדוויץ’ טונה,2,20,אשראי
2025-09-15,19:00,2727,סנדוויץ’ טונה,3,57,מזומן
2025-09-15,19:00,2728,קפוצ'ינו,3,84,מזומן
2025-09-15,20:00,2729,מאפה שוקולד,1,14,אשראי
2025-09-15,20:00,2730,מאפה שוקולד,3,87,אשראי
2025-09-15,21:00,2731,קפוצ'ינו,1,18,אשראי
2025-09-15,21:00,2732,סנדוויץ’ טונה,1,23,מזומן
2025-09-15,21:00,2733,עוגת גבינה,2,56,מזומן
2025-09-15,22:00,2734,אמריקנו קטן,2,28,אשראי
2025-09-15,22:00,2735,אספרסו,2,44,אשראי
2025-09-15,23:00,2736,קפה הפוך,3,90,מזומן
2025-09-16,00:00,2737,מאפה שוקולד,3,60,מזומן
2025-09-16,00:00,2738,קפוצ'ינו,2,26,אשראי
2025-09-16,01:00,2739,מיץ תפוזים טבעי,2,60,מזומן
2025-09-16,02:00,2740,מיץ תפוזים טבעי,3,84,אשראי
2025-09-16,03:00,2741,סנדוויץ’ טונה,3,84,אשראי
2025-09-16,03:00,2742,מיץ תפוזים טבעי,3,72,אשראי
2025-09-16,04:00,2743,סנדוויץ’ טונה,3,75,אשראי
2025-09-16,04:00,2744,סנדוויץ’ טונה,1,11,מזומן
2025-09-16,05:00,2745,אמריקנו קטן,3,78,מזומן
2025-09-16,06:00,2746,מיץ תפוזים טבעי,3,90,ביט
2025-09-16,06:00,2747,מיץ תפוזים טבעי,2,56,אשראי
2025-09-16,07:00,2748,עוגת גבינה,3,60,אשראי
2025-09-16,08:00,2749,מאפה שוקולד,3,87,מזומן
2025-09-16,09:00,2750,סנדוויץ’ טונה,3,69,אשראי
2025-09-16,10:00,2751,סנדוויץ’ טונה,3,66,מזומן
2025-09-16,10:00,2752,קפוצ'ינו,2,22,אשראי
2025-09-16,11:00,2753,אספרסו,3,57,אשראי
2025-09-16,11:00,2754,מאפה גבינה,2,60,אשראי
2025-09-16,11:00,2755,מאפה גבינה,1,21,אשראי
2025-09-16,12:00,2756,אמריקנו קטן,3,60,מזומן
2025-09-16,13:00,2757,אמריקנו קטן,3,84,אשראי
2025-09-16,14:00,2758,מיץ תפוזים טבעי,3,60,אשראי
2025-09-16,14:00,2759,סנדוויץ’ טונה,1,19,מזומן
2025-09-16,15:00,2760,אספרסו,2,58,אשראי
2025-09-16,15:00,2761,מאפה גבינה,1,20,אשראי
2025-09-16,15:00,2762,מיץ תפוזים טבעי,1,12,אשראי
2025-09-16,16:00,2763,קפה הפוך,3,30,אשראי
2025-09-16,16:00,2764,קפה הפוך,2,38,מזומן
2025-09-16,16:00,2765,קפוצ'ינו,2,26,אשראי
2025-09-16,17:00,2766,מאפה גבינה,3,33,מזומן
2025-09-16,17:00,2767,מאפה שוקולד,1,26,אשראי
2025-09-16,18:00,2768,מיץ תפוזים טבעי,2,34,מזומן
2025-09-16,19:00,2769,קפה הפוך,2,48,אשראי
2025-09-16,20:00,2770,מאפה שוקולד,1,22,אשראי
2025-09-16,20:00,2771,מאפה גבינה,1,27,אשראי
2025-09-16,21:00,2772,מאפה שוקולד,2,24,מזומן
2025-09-16,21:00,2773,אמריקנו קטן,1,27,מזומן
2025-09-16,21:00,2774,קפה הפוך,3,33,מזומן
2025-09-16,22:00,2775,קפוצ'ינו,1,29,מזומן
2025-09-16,22:00,2776,קפוצ'ינו,1,26,מזומן
2025-09-16,22:00,2777,עוגת גבינה,1,20,אשראי
2025-09-16,23:00,2778,מיץ תפוזים טבעי,1,19,אשראי
2025-09-16,23:00,2779,עוגת גבינה,3,75,אשראי
2025-09-16,23:00,2780,אספרסו,1,16,מזומן
2025-09-17,00:00,2781,עוגת גבינה,1,27,מזומן
2025-09-17,00:00,2782,אמריקנו קטן,2,50,אשראי
2025-09-17,01:00,2783,אמריקנו קטן,3,57,אשראי
2025-09-17,02:00,2784,סנדוויץ’ טונה,1,28,אשראי
2025-09-17,02:00,2785,אספרסו,2,24,אשראי
2025-09-17,03:00,2786,אספרסו,3,69,מזומן
2025-09-17,04:00,2787,סנדוויץ’ טונה,3,36,אשראי
2025-09-17,04:00,2788,קפוצ'ינו,3,87,אשראי
2025-09-17,05:00,2789,אספרסו,2,24,אשראי
2025-09-17,05:00,2790,מאפה שוקולד,2,60,מזומן
2025-09-17,06:00,2791,סנדוויץ’ טונה,1,21,אשראי
2025-09-17,06:00,2792,מאפה גבינה,1,10,מזומן
2025-09-17,07:00,2793,אמריקנו קטן,1,10,אשראי
2025-09-17,08:00,2794,מיץ תפוזים טבעי,3,87,אשראי
2025-09-17,08:00,2795,מיץ תפוזים טבעי,2,32,אשראי
2025-09-17,09:00,2796,מאפה גבינה,1,30,מזומן
2025-09-17,09:00,2797,קפוצ'ינו,1,16,מזומן
2025-09-17,09:00,2798,סנדוויץ’ טונה,1,25,אשראי
2025-09-17,10:00,2799,מאפה שוקולד,3,81,אשראי
2025-09-17,11:00,2800,עוגת גבינה,1,10,אשראי
2025-09-17,11:00,2801,מיץ תפוזים טבעי,2,26,אשראי
2025-09-17,12:00,2802,מיץ תפוזים טבעי,2,20,אשראי
2025-09-17,13:00,2803,קפוצ'ינו,3,45,אשראי
2025-09-17,13:00,2804,עוגת גבינה,2,26,מזומן
2025-09-17,14:00,2805,קפה הפוך,1,16,מזומן
2025-09-17,14:00,2806,קפוצ'ינו,2,44,אשראי
2025-09-17,14:00,2807,אספרסו,2,26,אשראי
2025-09-17,15:00,2808,מיץ תפוזים טבעי,2,22,אשראי
2025-09-17,15:00,2809,מאפה גבינה,1,10,אשראי
2025-09-17,15:00,2810,קפוצ'ינו,3,54,מזומן
2025-09-17,16:00,2811,מיץ תפוזים טבעי,1,24,אשראי
2025-09-17,17:00,2812,מאפה שוקולד,1,24,אשראי
2025-09-17,17:00,2813,קפה הפוך,1,14,אשראי
2025-09-17,17:00,2814,קפה הפוך,2,42,אשראי
2025-09-17,18:00,2815,מאפה שוקולד,3,60,ביט
2025-09-17,18:00,2816,קפוצ'ינו,1,15,אשראי
2025-09-17,18:00,2817,אספרסו,1,19,אשראי
2025-09-17,19:00,2818,אמריקנו קטן,1,11,מזומן
2025-09-17,19:00,2819,מאפה גבינה,1,30,אשראי
2025-09-17,20:00,2820,אספרסו,2,54,אשראי
2025-09-17,20:00,2821,אמריקנו קטן,3,75,מזומן
2025-09-17,20:00,2822,מאפה שוקולד,1,28,מזומן
2025-09-17,21:00,2823,אמריקנו קטן,1,21,אשראי
2025-09-17,21:00,2824,עוגת גבינה,2,48,מזומן
2025-09-17,22:00,2825,סנדוויץ’ טונה,1,11,אשראי
2025-09-17,22:00,2826,סנדוויץ’ טונה,3,30,אשראי
2025-09-17,22:00,2827,מאפה שוקולד,1,25,אשראי
2025-09-17,23:00,2828,אמריקנו קטן,2,56,אשראי
2025-09-18,00:00,2829,סנדוויץ’ טונה,2,22,אשראי
2025-09-18,00:00,2830,מאפה גבינה,1,12,אשראי
2025-09-18,01:00,2831,קפה הפוך,1,11,מזומן
2025-09-18,01:00,2832,אספרסו,2,48,אשראי
2025-09-18,02:00,2833,סנדוויץ’ טונה,2,60,ביט
2025-09-18,02:00,2834,קפוצ'ינו,1,12,אשראי
2025-09-18,03:00,2835,מאפה שוקולד,1,21,מזומן
2025-09-18,03:00,2836,סנדוויץ’ טונה,3,69,אשראי
2025-09-18,04:00,2837,קפוצ'ינו,2,44,אשראי
2025-09-18,04:00,2838,עוגת גבינה,3,87,אשראי
2025-09-18,04:00,2839,אמריקנו קטן,3,66,אשראי
2025-09-18,05:00,2840,מאפה שוקולד,2,42,מזומן
2025-09-18,06:00,2841,אמריקנו קטן,3,48,מזומן
2025-09-18,07:00,2842,אמריקנו קטן,1,22,ביט
2025-09-18,07:00,2843,קפוצ'ינו,2,44,מזומן
2025-09-18,07:00,2844,מאפה שוקולד,3,30,מזומן
2025-09-18,08:00,2845,סנדוויץ’ טונה,1,19,אשראי
2025-09-18,09:00,2846,עוגת גבינה,3,75,מזומן
2025-09-18,10:00,2847,קפוצ'ינו,3,54,אשראי
2025-09-18,10:00,2848,עוגת גבינה,2,36,אשראי
2025-09-18,11:00,2849,קפה הפוך,2,30,מזומן
2025-09-18,11:00,2850,אספרסו,2,24,מזומן
2025-09-18,11:00,2851,מאפה שוקולד,2,36,אשראי
2025-09-18,12:00,2852,אמריקנו קטן,1,18,מזומן
2025-09-18,12:00,2853,קפוצ'ינו,1,25,אשראי
2025-09-18,12:00,2854,סנדוויץ’ טונה,3,75,אשראי
2025-09-18,13:00,2855,מאפה גבינה,2,24,מזומן
2025-09-18,14:00,2856,קפה הפוך,3,57,אשראי
2025-09-18,14:00,2857,קפה הפוך,1,27,אשראי
2025-09-18,14:00,2858,קפה הפוך,1,23,אשראי
2025-09-18,15:00,2859,עוגת גבינה,3,75,מזומן
2025-09-18,16:00,2860,מיץ תפוזים טבעי,2,50,אשראי
2025-09-18,17:00,2861,קפוצ'ינו,1,13,מזומן
2025-09-18,17:00,2862,קפה הפוך,2,22,אשראי
2025-09-18,17:00,2863,מאפה שוקולד,1,18,מזומן
2025-09-18,18:00,2864,קפה הפוך,2,42,אשראי
2025-09-18,18:00,2865,סנדוויץ’ טונה,2,28,מזומן
2025-09-18,19:00,2866,מאפה שוקולד,3,39,אשראי
2025-09-18,19:00,2867,אספרסו,1,23,אשראי
2025-09-18,19:00,2868,מאפה גבינה,1,18,אשראי
2025-09-18,20:00,2869,סנדוויץ’ טונה,2,52,אשראי
2025-09-18,21:00,2870,קפה הפוך,2,30,אשראי
2025-09-18,21:00,2871,אספרסו,1,12,אשראי
2025-09-18,21:00,2872,קפוצ'ינו,1,11,אשראי
2025-09-18,22:00,2873,אספרסו,3,72,אשראי
2025-09-18,22:00,2874,סנדוויץ’ טונה,2,40,מזומן
2025-09-18,22:00,2875,מאפה שוקולד,2,54,ביט
2025-09-18,23:00,2876,מיץ תפוזים טבעי,1,12,מזומן
2025-09-18,23:00,2877,סנדוויץ’ טונה,3,54,מזומן
2025-09-19,00:00,2878,מיץ תפוזים טבעי,3,66,אשראי
2025-09-19,00:00,2879,מאפה שוקולד,2,42,מזומן
2025-09-19,01:00,2880,סנדוויץ’ טונה,3,84,אשראי
2025-09-19,01:00,2881,אספרסו,1,19,אשראי
2025-09-19,02:00,2882,אמריקנו קטן,2,42,אשראי
2025-09-19,02:00,2883,אספרסו,1,10,אשראי
2025-09-19,02:00,2884,סנדוויץ’ טונה,3,63,אשראי
2025-09-19,03:00,2885,קפה הפוך,2,40,מזומן
2025-09-19,04:00,2886,קפה הפוך,1,11,אשראי
2025-09-19,04:00,2887,אמריקנו קטן,2,24,אשראי
2025-09-19,05:00,2888,אמריקנו קטן,3,81,מזומן
2025-09-19,05:00,2889,אמריקנו קטן,2,42,מזומן
2025-09-19,06:00,2890,מאפה גבינה,2,46,אשראי
2025-09-19,06:00,2891,מאפה גבינה,1,16,מזומן
2025-09-19,06:00,2892,קפה הפוך,1,19,מזומן
2025-09-19,07:00,2893,אספרסו,2,28,אשראי
2025-09-19,07:00,2894,סנדוויץ’ טונה,2,26,אשראי
2025-09-19,08:00,2895,אספרסו,1,18,אשראי
2025-09-19,08:00,2896,עוגת גבינה,1,17,מזומן
2025-09-19,08:00,2897,אספרסו,2,46,מזומן
2025-09-19,09:00,2898,מאפה גבינה,1,28,ביט
2025-09-19,09:00,2899,עוגת גבינה,3,60,אשראי
2025-09-19,09:00,2900,סנדוויץ’ טונה,2,38,אשראי
2025-09-19,10:00,2901,מיץ תפוזים טבעי,1,13,אשראי
2025-09-19,10:00,2902,עוגת גבינה,2,48,אשראי
2025-09-19,11:00,2903,קפוצ'ינו,1,13,אשראי
2025-09-19,11:00,2904,מיץ תפוזים טבעי,2,40,אשראי
2025-09-19,12:00,2905,סנדוויץ’ טונה,1,25,אשראי
2025-09-19,13:00,2906,מיץ תפוזים טבעי,3,42,מזומן
2025-09-19,14:00,2907,עוגת גבינה,2,22,מזומן
2025-09-19,14:00,2908,עוגת גבינה,2,26,אשראי
2025-09-19,15:00,2909,קפה הפוך,3,69,מזומן
2025-09-19,15:00,2910,סנדוויץ’ טונה,1,14,אשראי
2025-09-19,16:00,2911,מאפה שוקולד,2,40,אשראי
2025-09-19,17:00,2912,מאפה גבינה,1,11,אשראי
2025-09-19,17:00,2913,עוגת גבינה,2,44,אשראי
2025-09-19,18:00,2914,קפוצ'ינו,3,39,אשראי
2025-09-19,19:00,2915,אספרסו,3,90,מזומן
2025-09-19,19:00,2916,קפוצ'ינו,2,22,מזומן
2025-09-19,19:00,2917,עוגת גבינה,3,72,מזומן
2025-09-19,20:00,2918,סנדוויץ’ טונה,2,60,מזומן
2025-09-19,20:00,2919,מיץ תפוזים טבעי,1,15,אשראי
2025-09-19,20:00,2920,סנדוויץ’ טונה,1,26,אשראי
2025-09-19,21:00,2921,מיץ תפוזים טבעי,3,60,ביט
2025-09-19,21:00,2922,עוגת גבינה,3,30,מזומן
2025-09-19,22:00,2923,קפה הפוך,3,75,אשראי
2025-09-19,23:00,2924,עוגת גבינה,2,50,מזומן
2025-09-19,23:00,2925,עוגת גבינה,3,78,אשראי
2025-09-20,00:00,2926,סנדוויץ’ טונה,3,81,מזומן
2025-09-20,01:00,2927,אמריקנו קטן,3,78,מזומן
2025-09-20,02:00,2928,קפה הפוך,3,48,אשראי
2025-09-20,02:00,2929,קפה הפוך,2,50,אשראי
2025-09-20,03:00,2930,קפה הפוך,2,32,ביט
2025-09-20,03:00,2931,קפה הפוך,3,63,אשראי
2025-09-20,04:00,2932,מאפה שוקולד,3,84,אשראי
2025-09-20,04:00,2933,סנדוויץ’ טונה,1,30,מזומן
2025-09-20,05:00,2934,מיץ תפוזים טבעי,3,54,ביט
2025-09-20,05:00,2935,קפה הפוך,1,24,מזומן
2025-09-20,05:00,2936,אספרסו,3,57,מזומן
2025-09-20,06:00,2937,קפוצ'ינו,2,32,אשראי
2025-09-20,06:00,2938,מיץ תפוזים טבעי,1,20,ביט
2025-09-20,06:00,2939,סנדוויץ’ טונה,2,30,אשראי
2025-09-20,07:00,2940,מיץ תפוזים טבעי,2,46,אשראי
2025-09-20,07:00,2941,סנדוויץ’ טונה,2,36,אשראי
2025-09-20,07:00,2942,מאפה גבינה,2,34,אשראי
2025-09-20,08:00,2943,מאפה גבינה,2,42,אשראי
2025-09-20,08:00,2944,עוגת גבינה,2,52,אשראי
2025-09-20,09:00,2945,מיץ תפוזים טבעי,1,18,מזומן
2025-09-20,09:00,2946,אמריקנו קטן,2,60,אשראי
2025-09-20,10:00,2947,קפוצ'ינו,2,42,אשראי
2025-09-20,10:00,2948,אספרסו,3,87,מזומן
2025-09-20,11:00,2949,עוגת גבינה,3,57,מזומן
2025-09-20,11:00,2950,קפוצ'ינו,2,32,אשראי
2025-09-20,12:00,2951,קפה הפוך,1,21,מזומן
2025-09-20,12:00,2952,מיץ תפוזים טבעי,3,39,ביט
2025-09-20,13:00,2953,מאפה גבינה,3,39,אשראי
2025-09-20,14:00,2954,סנדוויץ’ טונה,2,54,אשראי
2025-09-20,15:00,2955,מיץ תפוזים טבעי,3,60,אשראי
2025-09-20,15:00,2956,מאפה גבינה,2,24,אשראי
2025-09-20,15:00,2957,אספרסו,3,30,אשראי
2025-09-20,16:00,2958,סנדוויץ’ טונה,3,45,אשראי
2025-09-20,17:00,2959,סנדוויץ’ טונה,2,44,אשראי
2025-09-20,17:00,2960,עוגת גבינה,2,32,אשראי
2025-09-20,18:00,2961,עוגת גבינה,1,21,מזומן
2025-09-20,19:00,2962,סנדוויץ’ טונה,3,54,אשראי
2025-09-20,19:00,2963,מאפה שוקולד,3,90,אשראי
2025-09-20,19:00,2964,מאפה שוקולד,3,36,מזומן
2025-09-20,20:00,2965,מאפה גבינה,1,21,מזומן
2025-09-20,21:00,2966,עוגת גבינה,2,40,אשראי
2025-09-20,22:00,2967,מיץ תפוזים טבעי,1,25,מזומן
2025-09-20,23:00,2968,קפה הפוך,2,58,אשראי
2025-09-21,00:00,2969,אמריקנו קטן,2,38,מזומן
2025-09-21,00:00,2970,מאפה שוקולד,1,11,מזומן
2025-09-21,00:00,2971,קפוצ'ינו,2,38,אשראי
2025-09-21,01:00,2972,מאפה גבינה,2,52,אשראי
2025-09-21,02:00,2973,אמריקנו קטן,2,46,אשראי
2025-09-21,02:00,2974,קפוצ'ינו,3,48,אשראי
2025-09-21,02:00,2975,מאפה שוקולד,1,27,ביט
2025-09-21,03:00,2976,קפה הפוך,3,72,אשראי
2025-09-21,03:00,2977,מאפה שוקולד,2,50,ביט
2025-09-21,03:00,2978,אמריקנו קטן,1,21,אשראי
2025-09-21,04:00,2979,עוגת גבינה,2,38,אשראי
2025-09-21,04:00,2980,קפה הפוך,2,24,מזומן
2025-09-21,04:00,2981,סנדוויץ’ טונה,2,36,אשראי
2025-09-21,05:00,2982,עוגת גבינה,3,66,אשראי
2025-09-21,06:00,2983,עוגת גבינה,2,40,אשראי
2025-09-21,06:00,2984,קפוצ'ינו,1,18,אשראי
2025-09-21,06:00,2985,סנדוויץ’ טונה,3,81,מזומן
2025-09-21,07:00,2986,קפה הפוך,3,42,מזומן
2025-09-21,08:00,2987,אמריקנו קטן,3,78,אשראי
2025-09-21,08:00,2988,קפוצ'ינו,3,54,מזומן
2025-09-21,09:00,2989,סנדוויץ’ טונה,1,21,אשראי
2025-09-21,10:00,2990,קפוצ'ינו,2,54,מזומן
2025-09-21,10:00,2991,קפוצ'ינו,3,48,מזומן
2025-09-21,10:00,2992,קפוצ'ינו,1,26,אשראי
2025-09-21,11:00,2993,עוגת גבינה,2,52,מזומן
2025-09-21,11:00,2994,עוגת גבינה,2,50,אשראי
2025-09-21,11:00,2995,סנדוויץ’ טונה,2,44,אשראי
2025-09-21,12:00,2996,עוגת גבינה,3,63,אשראי
2025-09-21,12:00,2997,סנדוויץ’ טונה,3,45,מזומן
2025-09-21,12:00,2998,מיץ תפוזים טבעי,3,75,ביט
2025-09-21,13:00,2999,אספרסו,1,14,מזומן
2025-09-21,13:00,3000,קפוצ'ינו,3,81,מזומן
2025-09-21,14:00,3001,אמריקנו קטן,3,81,אשראי
2025-09-21,14:00,3002,סנדוויץ’ טונה,1,11,אשראי
2025-09-21,15:00,3003,מיץ תפוזים טבעי,3,39,מזומן
2025-09-21,15:00,3004,מאפה גבינה,2,30,מזומן
2025-09-21,16:00,3005,מאפה גבינה,1,12,אשראי
2025-09-21,16:00,3006,קפוצ'ינו,3,45,מזומן
2025-09-21,17:00,3007,עוגת גבינה,2,38,אשראי
2025-09-21,17:00,3008,קפה הפוך,1,28,ביט
2025-09-21,18:00,3009,עוגת גבינה,1,15,אשראי
2025-09-21,19:00,3010,מאפה שוקולד,1,23,אשראי
2025-09-21,19:00,3011,מאפה גבינה,3,48,מזומן
2025-09-21,19:00,3012,אספרסו,2,40,מזומן
2025-09-21,20:00,3013,מאפה שוקולד,3,90,אשראי
2025-09-21,20:00,3014,מאפה גבינה,3,30,מזומן
2025-09-21,20:00,3015,עוגת גבינה,3,78,אשראי
2025-09-21,21:00,3016,אספרסו,3,90,אשראי
2025-09-21,22:00,3017,קפוצ'ינו,3,81,אשראי
2025-09-21,22:00,3018,אמריקנו קטן,1,28,אשראי
2025-09-21,22:00,3019,קפה הפוך,3,60,אשראי
2025-09-21,23:00,3020,עוגת גבינה,3,57,אשראי
2025-09-22,00:00,3021,קפוצ'ינו,1,27,אשראי
2025-09-22,01:00,3022,קפה הפוך,2,38,אשראי
2025-09-22,01:00,3023,עוגת גבינה,2,60,ביט
2025-09-22,01:00,3024,אמריקנו קטן,3,66,אשראי
2025-09-22,02:00,3025,אספרסו,3,45,אשראי
2025-09-22,03:00,3026,אמריקנו קטן,2,38,אשראי
2025-09-22,04:00,3027,אמריקנו קטן,1,24,אשראי
2025-09-22,04:00,3028,קפה הפוך,2,56,אשראי
2025-09-22,04:00,3029,עוגת גבינה,2,20,מזומן
2025-09-22,05:00,3030,אספרסו,3,75,אשראי
2025-09-22,05:00,3031,קפה הפוך,2,34,מזומן
2025-09-22,05:00,3032,עוגת גבינה,1,10,מזומן
2025-09-22,06:00,3033,מאפה גבינה,1,13,אשראי
2025-09-22,06:00,3034,מיץ תפוזים טבעי,3,42,מזומן
2025-09-22,07:00,3035,קפוצ'ינו,2,50,אשראי
2025-09-22,07:00,3036,אמריקנו קטן,2,28,מזומן
2025-09-22,07:00,3037,סנדוויץ’ טונה,1,20,אשראי
2025-09-22,08:00,3038,עוגת גבינה,3,81,מזומן
2025-09-22,09:00,3039,מאפה גבינה,1,22,אשראי
2025-09-22,09:00,3040,מאפה שוקולד,2,42,אשראי
2025-09-22,09:00,3041,קפה הפוך,2,26,מזומן
2025-09-22,10:00,3042,קפוצ'ינו,1,24,מזומן
2025-09-22,10:00,3043,עוגת גבינה,1,23,מזומן
2025-09-22,10:00,3044,עוגת גבינה,2,52,אשראי
2025-09-22,11:00,3045,אספרסו,3,78,אשראי
2025-09-22,12:00,3046,אמריקנו קטן,2,42,אשראי
2025-09-22,13:00,3047,קפה הפוך,1,16,אשראי
2025-09-22,13:00,3048,קפוצ'ינו,3,63,ביט
2025-09-22,14:00,3049,קפוצ'ינו,3,42,אשראי
2025-09-22,14:00,3050,מיץ תפוזים טבעי,2,30,אשראי
2025-09-22,15:00,3051,אספרסו,3,60,מזומן
2025-09-22,15:00,3052,סנדוויץ’ טונה,2,58,אשראי
2025-09-22,16:00,3053,סנדוויץ’ טונה,3,87,אשראי
2025-09-22,16:00,3054,אספרסו,2,48,אשראי
2025-09-22,16:00,3055,קפה הפוך,3,78,מזומן
2025-09-22,17:00,3056,אספרסו,2,20,אשראי
2025-09-22,18:00,3057,קפה הפוך,3,51,אשראי
2025-09-22,19:00,3058,קפוצ'ינו,2,40,אשראי
2025-09-22,19:00,3059,קפוצ'ינו,1,24,מזומן
2025-09-22,20:00,3060,מאפה גבינה,3,81,מזומן
2025-09-22,20:00,3061,מאפה שוקולד,1,29,מזומן
2025-09-22,20:00,3062,אספרסו,2,36,אשראי
2025-09-22,21:00,3063,מאפה גבינה,2,54,מזומן
2025-09-22,21:00,3064,אספרסו,2,20,אשראי
2025-09-22,22:00,3065,אספרסו,2,22,מזומן
2025-09-22,22:00,3066,סנדוויץ’ טונה,3,87,אשראי
2025-09-22,23:00,3067,מיץ תפוזים טבעי,2,44,מזומן
2025-09-22,23:00,3068,מאפה שוקולד,1,15,אשראי
2025-09-22,23:00,3069,קפוצ'ינו,2,38,מזומן
2025-09-23,00:00,3070,מאפה שוקולד,2,42,אשראי
2025-09-23,00:00,3071,קפה הפוך,1,22,אשראי
2025-09-23,00:00,3072,עוגת גבינה,2,34,אשראי
2025-09-23,01:00,3073,אמריקנו קטן,1,13,אשראי
2025-09-23,01:00,3074,מאפה גבינה,3,42,אשראי
2025-09-23,02:00,3075,אמריקנו קטן,3,66,אשראי
2025-09-23,02:00,3076,קפוצ'ינו,3,75,אשראי
2025-09-23,02:00,3077,מיץ תפוזים טבעי,1,22,אשראי
2025-09-23,03:00,3078,אמריקנו קטן,2,46,מזומן
2025-09-23,04:00,3079,קפה הפוך,1,28,אשראי
2025-09-23,04:00,3080,מיץ תפוזים טבעי,1,28,אשראי
2025-09-23,05:00,3081,קפוצ'ינו,1,28,אשראי
2025-09-23,05:00,3082,קפה הפוך,1,29,אשראי
2025-09-23,06:00,3083,קפה הפוך,2,60,אשראי
2025-09-23,06:00,3084,מאפה שוקולד,2,20,אשראי
2025-09-23,06:00,3085,מאפה גבינה,1,30,אשראי
2025-09-23,07:00,3086,אספרסו,1,15,אשראי
2025-09-23,07:00,3087,מאפה גבינה,1,14,ביט
2025-09-23,07:00,3088,אספרסו,3,78,אשראי
2025-09-23,08:00,3089,קפוצ'ינו,2,28,אשראי
2025-09-23,09:00,3090,סנדוויץ’ טונה,1,12,ביט
2025-09-23,09:00,3091,מיץ תפוזים טבעי,3,72,מזומן
2025-09-23,09:00,3092,עוגת גבינה,2,46,מזומן
2025-09-23,10:00,3093,קפוצ'ינו,3,72,אשראי
2025-09-23,11:00,3094,עוגת גבינה,1,10,אשראי
2025-09-23,12:00,3095,מאפה שוקולד,1,14,מזומן
2025-09-23,12:00,3096,קפוצ'ינו,1,24,אשראי
2025-09-23,13:00,3097,אמריקנו קטן,1,28,אשראי
2025-09-23,13:00,3098,אספרסו,2,20,מזומן
2025-09-23,14:00,3099,מאפה גבינה,3,90,מזומן
2025-09-23,15:00,3100,מיץ תפוזים טבעי,1,27,אשראי
2025-09-23,16:00,3101,אמריקנו קטן,2,30,אשראי
2025-09-23,16:00,3102,מאפה גבינה,1,22,אשראי
2025-09-23,17:00,3103,קפה הפוך,3,75,אשראי
2025-09-23,17:00,3104,אספרסו,2,24,אשראי
2025-09-23,18:00,3105,קפה הפוך,1,24,מזומן
2025-09-23,18:00,3106,מאפה שוקולד,3,81,אשראי
2025-09-23,19:00,3107,עוגת גבינה,3,42,אשראי
2025-09-23,20:00,3108,מאפה גבינה,2,42,אשראי
2025-09-23,20:00,3109,קפה הפוך,2,22,מזומן
2025-09-23,20:00,3110,סנדוויץ’ טונה,3,33,אשראי
2025-09-23,21:00,3111,עוגת גבינה,1,10,ביט
2025-09-23,21:00,3112,מאפה גבינה,3,54,אשראי
2025-09-23,22:00,3113,סנדוויץ’ טונה,3,81,אשראי
2025-09-23,23:00,3114,קפה הפוך,3,30,אשראי
2025-09-23,23:00,3115,אספרסו,2,40,אשראי
2025-09-24,00:00,3116,סנדוויץ’ טונה,2,38,ביט
2025-09-24,01:00,3117,מיץ תפוזים טבעי,2,26,אשראי
2025-09-24,01:00,3118,מאפה שוקולד,1,23,מזומן
2025-09-24,02:00,3119,מיץ תפוזים טבעי,1,16,אשראי
2025-09-24,03:00,3120,אמריקנו קטן,2,54,מזומן
2025-09-24,03:00,3121,מאפה שוקולד,2,50,אשראי
2025-09-24,04:00,3122,עוגת גבינה,3,87,אשראי
2025-09-24,05:00,3123,קפה הפוך,3,51,מזומן
2025-09-24,06:00,3124,אספרסו,2,30,אשראי
2025-09-24,06:00,3125,אספרסו,3,51,ביט
2025-09-24,06:00,3126,אספרסו,1,22,אשראי
2025-09-24,07:00,3127,מאפה שוקולד,3,78,מזומן
2025-09-24,08:00,3128,אספרסו,1,27,אשראי
2025-09-24,08:00,3129,אמריקנו קטן,3,39,מזומן
2025-09-24,09:00,3130,אמריקנו קטן,2,38,אשראי
2025-09-24,10:00,3131,מיץ תפוזים טבעי,3,57,אשראי
2025-09-24,11:00,3132,מיץ תפוזים טבעי,2,26,מזומן
2025-09-24,12:00,3133,קפה הפוך,2,44,אשראי
2025-09-24,12:00,3134,עוגת גבינה,3,84,אשראי
2025-09-24,13:00,3135,סנדוויץ’ טונה,3,87,אשראי
2025-09-24,13:00,3136,מיץ תפוזים טבעי,1,15,אשראי
2025-09-24,13:00,3137,עוגת גבינה,1,21,אשראי
2025-09-24,14:00,3138,מיץ תפוזים טבעי,1,16,אשראי
2025-09-24,14:00,3139,קפה הפוך,1,17,ביט
2025-09-24,14:00,3140,עוגת גבינה,3,84,אשראי
2025-09-24,15:00,3141,מיץ תפוזים טבעי,1,13,אשראי
2025-09-24,15:00,3142,סנדוויץ’ טונה,2,60,מזומן
2025-09-24,16:00,3143,מאפה שוקולד,2,44,אשראי
2025-09-24,16:00,3144,מיץ תפוזים טבעי,2,40,אשראי
2025-09-24,16:00,3145,עוגת גבינה,1,22,מזומן
2025-09-24,17:00,3146,מאפה שוקולד,2,34,מזומן
2025-09-24,17:00,3147,אמריקנו קטן,3,39,אשראי
2025-09-24,18:00,3148,קפוצ'ינו,2,52,אשראי
2025-09-24,19:00,3149,סנדוויץ’ טונה,3,78,אשראי
2025-09-24,19:00,3150,מאפה גבינה,3,36,מזומן
2025-09-24,20:00,3151,קפוצ'ינו,1,11,אשראי
2025-09-24,21:00,3152,סנדוויץ’ טונה,1,22,אשראי
2025-09-24,21:00,3153,סנדוויץ’ טונה,2,56,מזומן
2025-09-24,22:00,3154,קפה הפוך,3,84,אשראי
2025-09-24,23:00,3155,עוגת גבינה,1,25,אשראי
2025-09-24,23:00,3156,מאפה גבינה,2,40,אשראי
2025-09-24,23:00,3157,אספרסו,1,19,מזומן
2025-09-25,00:00,3158,אמריקנו קטן,2,42,מזומן
2025-09-25,00:00,3159,מיץ תפוזים טבעי,2,60,אשראי
2025-09-25,01:00,3160,סנדוויץ’ טונה,1,28,אשראי
2025-09-25,01:00,3161,קפוצ'ינו,3,81,אשראי
2025-09-25,02:00,3162,מאפה שוקולד,1,18,אשראי
2025-09-25,02:00,3163,מיץ תפוזים טבעי,3,39,ביט
2025-09-25,02:00,3164,מאפה גבינה,3,87,מזומן
2025-09-25,03:00,3165,עוגת גבינה,2,36,אשראי
2025-09-25,03:00,3166,אספרסו,1,21,אשראי
2025-09-25,03:00,3167,קפוצ'ינו,2,42,מזומן
2025-09-25,04:00,3168,עוגת גבינה,3,63,אשראי
2025-09-25,04:00,3169,אספרסו,3,78,אשראי
2025-09-25,05:00,3170,אספרסו,1,10,אשראי
2025-09-25,05:00,3171,קפוצ'ינו,1,17,אשראי
2025-09-25,05:00,3172,אספרסו,1,23,אשראי
2025-09-25,06:00,3173,אספרסו,2,40,אשראי
2025-09-25,06:00,3174,סנדוויץ’ טונה,1,25,אשראי
2025-09-25,07:00,3175,קפה הפוך,3,33,אשראי
2025-09-25,08:00,3176,אמריקנו קטן,3,84,מזומן
2025-09-25,08:00,3177,קפה הפוך,2,40,אשראי
2025-09-25,08:00,3178,מיץ תפוזים טבעי,2,22,אשראי
2025-09-25,09:00,3179,עוגת גבינה,2,56,אשראי
2025-09-25,10:00,3180,קפוצ'ינו,2,36,מזומן
2025-09-25,10:00,3181,אמריקנו קטן,3,51,אשראי
2025-09-25,11:00,3182,אספרסו,3,57,אשראי
2025-09-25,11:00,3183,מאפה גבינה,1,19,ביט
2025-09-25,11:00,3184,אספרסו,3,66,אשראי
2025-09-25,12:00,3185,סנדוויץ’ טונה,1,29,מזומן
2025-09-25,12:00,3186,סנדוויץ’ טונה,3,60,אשראי
2025-09-25,13:00,3187,מאפה גבינה,2,42,מזומן
2025-09-25,14:00,3188,מיץ תפוזים טבעי,3,66,אשראי
2025-09-25,14:00,3189,מאפה גבינה,1,14,מזומן
2025-09-25,14:00,3190,עוגת גבינה,3,72,אשראי
2025-09-25,15:00,3191,אמריקנו קטן,1,28,אשראי
2025-09-25,16:00,3192,מאפה שוקולד,2,54,אשראי
2025-09-25,16:00,3193,מאפה גבינה,3,51,מזומן
2025-09-25,16:00,3194,סנדוויץ’ טונה,2,52,אשראי
2025-09-25,17:00,3195,אספרסו,3,48,אשראי
2025-09-25,18:00,3196,אספרסו,1,21,ביט
2025-09-25,18:00,3197,אספרסו,3,66,מזומן
2025-09-25,18:00,3198,סנדוויץ’ טונה,2,42,אשראי
2025-09-25,19:00,3199,קפוצ'ינו,3,78,אשראי
2025-09-25,19:00,3200,אספרסו,3,60,אשראי
2025-09-25,19:00,3201,קפה הפוך,1,22,אשראי
2025-09-25,20:00,3202,מאפה גבינה,1,27,אשראי
2025-09-25,20:00,3203,קפה הפוך,3,42,אשראי
2025-09-25,20:00,3204,מיץ תפוזים טבעי,3,84,אשראי
2025-09-25,21:00,3205,מאפה שוקולד,3,81,ביט
2025-09-25,22:00,3206,מאפה גבינה,1,26,מזומן
2025-09-25,23:00,3207,סנדוויץ’ טונה,3,63,אשראי
2025-09-26,00:00,3208,קפה הפוך,2,38,אשראי
2025-09-26,01:00,3209,מיץ תפוזים טבעי,2,42,אשראי
2025-09-26,01:00,3210,מאפה שוקולד,2,38,מזומן
2025-09-26,02:00,3211,סנדוויץ’ טונה,1,13,מזומן
2025-09-26,03:00,3212,קפה הפוך,2,30,מזומן
2025-09-26,03:00,3213,מאפה שוקולד,3,78,מזומן
2025-09-26,03:00,3214,קפה הפוך,3,78,מזומן
2025-09-26,04:00,3215,אמריקנו קטן,1,13,מזומן
2025-09-26,05:00,3216,אמריקנו קטן,1,27,אשראי
2025-09-26,05:00,3217,עוגת גבינה,3,42,אשראי
2025-09-26,05:00,3218,מאפה גבינה,2,26,מזומן
2025-09-26,06:00,3219,מיץ תפוזים טבעי,2,58,אשראי
2025-09-26,06:00,3220,מאפה שוקולד,1,18,אשראי
2025-09-26,06:00,3221,סנדוויץ’ טונה,3,42,אשראי
2025-09-26,07:00,3222,סנדוויץ’ טונה,3,66,אשראי
2025-09-26,07:00,3223,סנדוויץ’ טונה,3,78,אשראי
2025-09-26,07:00,3224,מיץ תפוזים טבעי,3,78,אשראי
2025-09-26,08:00,3225,סנדוויץ’ טונה,2,20,מזומן
2025-09-26,08:00,3226,מאפה גבינה,1,23,אשראי
2025-09-26,09:00,3227,עוגת גבינה,1,10,מזומן
2025-09-26,09:00,3228,מאפה שוקולד,2,42,אשראי
2025-09-26,09:00,3229,קפה הפוך,2,48,אשראי
2025-09-26,10:00,3230,מיץ תפוזים טבעי,3,30,אשראי
2025-09-26,11:00,3231,אספרסו,2,44,אשראי
2025-09-26,11:00,3232,אספרסו,2,32,מזומן
2025-09-26,12:00,3233,מאפה שוקולד,1,27,אשראי
2025-09-26,13:00,3234,סנדוויץ’ טונה,2,38,מזומן
2025-09-26,14:00,3235,קפה הפוך,3,84,אשראי
2025-09-26,14:00,3236,אמריקנו קטן,3,51,ביט
2025-09-26,14:00,3237,קפוצ'ינו,3,75,אשראי
2025-09-26,15:00,3238,סנדוויץ’ טונה,1,23,מזומן
2025-09-26,16:00,3239,סנדוויץ’ טונה,3,60,אשראי
2025-09-26,17:00,3240,עוגת גבינה,1,13,אשראי
2025-09-26,17:00,3241,מאפה גבינה,2,24,מזומן
2025-09-26,18:00,3242,מאפה גבינה,1,11,מזומן
2025-09-26,18:00,3243,מאפה גבינה,1,22,אשראי
2025-09-26,19:00,3244,מאפה גבינה,2,36,מזומן
2025-09-26,19:00,3245,קפה הפוך,2,54,אשראי
2025-09-26,20:00,3246,מיץ תפוזים טבעי,1,29,אשראי
2025-09-26,20:00,3247,קפוצ'ינו,1,29,אשראי
2025-09-26,21:00,3248,מאפה גבינה,1,11,ביט
2025-09-26,22:00,3249,מיץ תפוזים טבעי,3,87,אשראי
2025-09-26,22:00,3250,מאפה שוקולד,1,29,אשראי
2025-09-26,22:00,3251,מאפה שוקולד,2,20,אשראי
2025-09-26,23:00,3252,קפה הפוך,3,90,אשראי
2025-09-26,23:00,3253,אספרסו,2,30,אשראי
2025-09-27,00:00,3254,קפוצ'ינו,3,90,אשראי
2025-09-27,00:00,3255,מאפה גבינה,1,29,אשראי
2025-09-27,01:00,3256,סנדוויץ’ טונה,3,33,אשראי
2025-09-27,02:00,3257,סנדוויץ’ טונה,1,13,אשראי
2025-09-27,03:00,3258,אמריקנו קטן,3,54,מזומן
2025-09-27,04:00,3259,סנדוויץ’ טונה,1,23,מזומן
2025-09-27,05:00,3260,עוגת גבינה,2,60,אשראי
2025-09-27,06:00,3261,סנדוויץ’ טונה,1,27,אשראי
2025-09-27,06:00,3262,קפוצ'ינו,1,30,אשראי
2025-09-27,07:00,3263,מאפה שוקולד,3,51,אשראי
2025-09-27,07:00,3264,קפה הפוך,1,19,מזומן
2025-09-27,08:00,3265,קפוצ'ינו,2,38,אשראי
2025-09-27,08:00,3266,קפה הפוך,2,30,ביט
2025-09-27,08:00,3267,סנדוויץ’ טונה,2,52,אשראי
2025-09-27,09:00,3268,סנדוויץ’ טונה,2,58,מזומן
2025-09-27,10:00,3269,מיץ תפוזים טבעי,3,87,אשראי
2025-09-27,10:00,3270,מאפה גבינה,2,30,אשראי
2025-09-27,11:00,3271,מאפה שוקולד,3,78,אשראי
2025-09-27,11:00,3272,מיץ תפוזים טבעי,2,30,אשראי
2025-09-27,12:00,3273,אמריקנו קטן,1,13,אשראי
2025-09-27,13:00,3274,מיץ תפוזים טבעי,2,36,אשראי
2025-09-27,14:00,3275,קפוצ'ינו,1,25,אשראי
2025-09-27,14:00,3276,עוגת גבינה,1,14,אשראי
2025-09-27,14:00,3277,קפה הפוך,1,26,אשראי
2025-09-27,15:00,3278,אמריקנו קטן,2,38,אשראי
2025-09-27,16:00,3279,מאפה שוקולד,3,69,אשראי
2025-09-27,16:00,3280,קפוצ'ינו,1,15,אשראי
2025-09-27,17:00,3281,אספרסו,3,30,אשראי
2025-09-27,17:00,3282,קפה הפוך,1,26,אשראי
2025-09-27,17:00,3283,מאפה שוקולד,2,48,אשראי
2025-09-27,18:00,3284,סנדוויץ’ טונה,1,26,אשראי
2025-09-27,19:00,3285,מיץ תפוזים טבעי,1,22,אשראי
2025-09-27,19:00,3286,קפוצ'ינו,2,26,אשראי
2025-09-27,20:00,3287,אמריקנו קטן,2,40,אשראי
2025-09-27,20:00,3288,עוגת גבינה,3,87,מזומן
2025-09-27,20:00,3289,קפוצ'ינו,1,27,אשראי
2025-09-27,21:00,3290,קפוצ'ינו,3,30,מזומן
2025-09-27,21:00,3291,עוגת גבינה,3,36,אשראי
2025-09-27,22:00,3292,מאפה שוקולד,2,26,אשראי
2025-09-27,22:00,3293,אמריקנו קטן,1,16,אשראי
2025-09-27,22:00,3294,אמריקנו קטן,1,16,מזומן
2025-09-27,23:00,3295,אספרסו,3,48,אשראי
2025-09-27,23:00,3296,קפוצ'ינו,3,81,אשראי
2025-09-27,23:00,3297,מאפה גבינה,1,30,אשראי
2025-09-28,00:00,3298,סנדוויץ’ טונה,1,14,מזומן
2025-09-28,01:00,3299,מאפה שוקולד,3,48,מזומן
2025-09-28,02:00,3300,אמריקנו קטן,1,19,מזומן
2025-09-28,03:00,3301,עוגת גבינה,1,26,מזומן
2025-09-28,04:00,3302,אמריקנו קטן,2,20,מזומן
2025-09-28,04:00,3303,עוגת גבינה,3,54,אשראי
2025-09-28,04:00,3304,עוגת גבינה,3,90,אשראי
2025-09-28,05:00,3305,עוגת גבינה,1,15,אשראי
2025-09-28,06:00,3306,עוגת גבינה,3,54,אשראי
2025-09-28,06:00,3307,מאפה שוקולד,2,26,אשראי
2025-09-28,06:00,3308,אספרסו,2,60,מזומן
2025-09-28,07:00,3309,מאפה שוקולד,2,20,מזומן
2025-09-28,07:00,3310,קפוצ'ינו,2,50,אשראי
2025-09-28,07:00,3311,אספרסו,1,20,מזומן
2025-09-28,08:00,3312,מאפה שוקולד,3,81,מזומן
2025-09-28,09:00,3313,מאפה גבינה,2,36,ביט
2025-09-28,09:00,3314,סנדוויץ’ טונה,1,14,אשראי
2025-09-28,09:00,3315,אמריקנו קטן,3,57,אשראי
2025-09-28,10:00,3316,סנדוויץ’ טונה,2,48,אשראי
2025-09-28,10:00,3317,סנדוויץ’ טונה,3,54,אשראי
2025-09-28,11:00,3318,מאפה שוקולד,1,22,אשראי
2025-09-28,11:00,3319,סנדוויץ’ טונה,3,72,מזומן
2025-09-28,12:00,3320,מאפה גבינה,2,42,אשראי
2025-09-28,13:00,3321,עוגת גבינה,3,90,מזומן
2025-09-28,13:00,3322,קפה הפוך,2,42,אשראי
2025-09-28,13:00,3323,אמריקנו קטן,1,23,אשראי
2025-09-28,14:00,3324,עוגת גבינה,1,22,אשראי
2025-09-28,14:00,3325,סנדוויץ’ טונה,3,75,אשראי
2025-09-28,15:00,3326,סנדוויץ’ טונה,2,30,מזומן
2025-09-28,15:00,3327,מאפה שוקולד,1,11,ביט
2025-09-28,15:00,3328,עוגת גבינה,2,52,מזומן
2025-09-28,16:00,3329,מאפה שוקולד,3,66,אשראי
2025-09-28,16:00,3330,מאפה שוקולד,1,13,אשראי
2025-09-28,17:00,3331,סנדוויץ’ טונה,2,34,אשראי
2025-09-28,18:00,3332,מיץ תפוזים טבעי,3,63,אשראי
2025-09-28,18:00,3333,מאפה גבינה,2,22,אשראי
2025-09-28,19:00,3334,קפה הפוך,1,18,מזומן
2025-09-28,20:00,3335,קפוצ'ינו,1,20,אשראי
2025-09-28,21:00,3336,קפה הפוך,1,28,אשראי
2025-09-28,22:00,3337,אמריקנו קטן,2,56,אשראי
2025-09-28,22:00,3338,מאפה גבינה,3,78,אשראי
2025-09-28,23:00,3339,סנדוויץ’ טונה,1,23,מזומן
2025-09-29,00:00,3340,אמריקנו קטן,3,33,אשראי
2025-09-29,01:00,3341,מאפה שוקולד,1,16,ביט
2025-09-29,01:00,3342,קפה הפוך,2,34,אשראי
2025-09-29,02:00,3343,מאפה שוקולד,3,48,אשראי
2025-09-29,03:00,3344,מאפה גבינה,1,13,מזומן
2025-09-29,04:00,3345,מיץ תפוזים טבעי,3,90,אשראי
2025-09-29,05:00,3346,מיץ תפוזים טבעי,1,12,מזומן
2025-09-29,05:00,3347,עוגת גבינה,1,13,מזומן
2025-09-29,05:00,3348,מאפה שוקולד,2,50,מזומן
2025-09-29,06:00,3349,מאפה גבינה,1,21,אשראי
2025-09-29,06:00,3350,קפה הפוך,3,75,אשראי
2025-09-29,07:00,3351,אמריקנו קטן,2,60,מזומן
2025-09-29,07:00,3352,אספרסו,3,63,אשראי
2025-09-29,07:00,3353,מיץ תפוזים טבעי,1,20,מזומן
2025-09-29,08:00,3354,אספרסו,1,22,מזומן
2025-09-29,09:00,3355,קפה הפוך,3,39,אשראי
2025-09-29,10:00,3356,אספרסו,1,12,אשראי
2025-09-29,10:00,3357,קפה הפוך,2,56,אשראי
2025-09-29,10:00,3358,קפה הפוך,2,24,מזומן
2025-09-29,11:00,3359,קפוצ'ינו,3,33,אשראי
2025-09-29,12:00,3360,מיץ תפוזים טבעי,2,52,אשראי
2025-09-29,13:00,3361,מיץ תפוזים טבעי,2,58,אשראי
2025-09-29,13:00,3362,קפוצ'ינו,2,36,אשראי
2025-09-29,13:00,3363,קפוצ'ינו,1,11,מזומן
2025-09-29,14:00,3364,מאפה גבינה,2,32,אשראי
2025-09-29,14:00,3365,עוגת גבינה,3,30,אשראי
2025-09-29,15:00,3366,אמריקנו קטן,2,20,אשראי
2025-09-29,15:00,3367,אספרסו,1,21,מזומן
2025-09-29,15:00,3368,אספרסו,2,52,ביט
2025-09-29,16:00,3369,עוגת גבינה,2,30,אשראי
2025-09-29,16:00,3370,אספרסו,3,51,ביט
2025-09-29,17:00,3371,מיץ תפוזים טבעי,2,44,אשראי
2025-09-29,17:00,3372,מאפה גבינה,3,84,מזומן
2025-09-29,18:00,3373,מיץ תפוזים טבעי,2,60,מזומן
2025-09-29,18:00,3374,מאפה שוקולד,2,44,אשראי
2025-09-29,19:00,3375,סנדוויץ’ טונה,2,50,אשראי
2025-09-29,19:00,3376,מאפה שוקולד,1,15,מזומן
2025-09-29,20:00,3377,אמריקנו קטן,2,34,מזומן
2025-09-29,20:00,3378,אספרסו,2,44,מזומן
2025-09-29,20:00,3379,מאפה גבינה,1,23,מזומן
2025-09-29,21:00,3380,אספרסו,2,50,מזומן
2025-09-29,21:00,3381,אמריקנו קטן,2,30,מזומן
2025-09-29,21:00,3382,אמריקנו קטן,2,46,מזומן
2025-09-29,22:00,3383,סנדוויץ’ טונה,1,23,מזומן
2025-09-29,22:00,3384,אספרסו,1,20,ביט
2025-09-29,23:00,3385,קפה הפוך,2,42,אשראי
2025-09-29,23:00,3386,עוגת גבינה,1,12,מזומן
2025-09-29,23:00,3387,סנדוויץ’ טונה,1,18,מזומן
2025-09-30,00:00,3388,מאפה גבינה,1,26,אשראי
